Order_Date,Category,Region,Segment,Quantity,Discount,Sales,Profit
2024-01-01 00:00:00.000000000,Office Supplies,East,Consumer,8,0.22,642.8189462446693,122.65448022257141
2024-01-01 08:46:07.567567567,Electronics,East,Home Office,5,0.07,2402.9126714901727,297.6111762882186
2024-01-01 17:32:15.135135135,Office Supplies,East,Corporate,3,0.19,210.4582498240832,32.64835775115469
2024-01-02 02:18:22.702702702,Office Supplies,East,Consumer,7,0.17,503.5766128193176,89.80416116600566
2024-01-02 11:04:30.270270270,Electronics,West,Home Office,7,0.17,2878.431032745871,324.5248688712797
2024-01-02 19:50:37.837837837,Electronics,North,Corporate,1,0.2,435.2639898391283,41.96463663234423
2024-01-03 04:36:45.405405405,Office Supplies,West,Home Office,9,0.16,738.8599998071165,140.75924576394053
2024-01-03 13:22:52.972972972,Furniture,West,Corporate,2,0.26,411.18127628347645,52.36454517737367
2024-01-03 22:09:00.540540540,Office Supplies,East,Home Office,5,0.2,400.7661966023144,49.930692161327435
2024-01-04 06:55:08.108108108,Office Supplies,South,Corporate,5,0.16,429.1880298867142,32.94550944196039
2024-01-04 15:41:15.675675675,Office Supplies,South,Consumer,8,0.25,544.4643943691323,36.05620289460672
2024-01-05 00:27:23.243243243,Office Supplies,West,Corporate,8,0.18,647.3086521225271,114.13089132072619
2024-01-05 09:13:30.810810810,Electronics,West,Home Office,7,0.09,3165.1092954431065,449.8252584608223
2024-01-05 17:59:38.378378378,Office Supplies,East,Home Office,7,0.06,632.3638260300767,62.524143386283356
2024-01-06 02:45:45.945945945,Furniture,West,Corporate,6,0.05,1669.318533224342,131.4762498382026
2024-01-06 11:31:53.513513513,Electronics,East,Consumer,6,0.27,2227.650314191792,297.0005693149744
2024-01-06 20:18:01.081081081,Furniture,South,Consumer,9,0.21,2107.224522848079,289.92858299666676
2024-01-07 05:04:08.648648648,Furniture,South,Corporate,6,0.28,1216.2021885674685,98.57202005642868
2024-01-07 13:50:16.216216216,Furniture,North,Corporate,2,0.18,502.5719128790174,89.31248794705216
2024-01-07 22:36:23.783783783,Furniture,South,Home Office,2,0.14,545.0079789069274,34.139111729217426
2024-01-08 07:22:31.351351351,Electronics,West,Consumer,5,0.02,2418.159357391365,250.0714417691997
2024-01-08 16:08:38.918918918,Electronics,South,Corporate,4,0.2,1577.6134924086414,239.88821929687685
2024-01-09 00:54:46.486486486,Furniture,East,Consumer,2,0.17,472.0378511828651,43.01117068454536
2024-01-09 09:40:54.054054054,Furniture,South,Corporate,3,0.3,616.1338655427955,107.3005008533105
2024-01-09 18:27:01.621621621,Electronics,North,Corporate,7,0.07,3299.2740072875927,531.1177037340409
2024-01-10 03:13:09.189189189,Electronics,South,Consumer,8,0.16,3355.4376331051058,564.8994235517227
2024-01-10 11:59:16.756756756,Electronics,East,Corporate,6,0.2,2433.5837418266883,165.1575464795655
2024-01-10 20:45:24.324324324,Office Supplies,East,Corporate,5,0.19,366.2467347381299,26.03357574268493
2024-01-11 05:31:31.891891891,Office Supplies,West,Home Office,1,0.17,67.65238321676063,6.289713823953186
2024-01-11 14:17:39.459459459,Office Supplies,South,Corporate,8,0.23,654.1605526338923,83.54387433559016
2024-01-11 23:03:47.027027027,Furniture,East,Corporate,3,0.06,813.7757840629496,131.99639459930964
2024-01-12 07:49:54.594594594,Office Supplies,North,Corporate,6,0.22,508.4854584363412,89.2288419445249
2024-01-12 16:36:02.162162162,Furniture,West,Home Office,3,0.19,703.8646363601945,109.55673997428627
2024-01-13 01:22:09.729729729,Furniture,North,Consumer,7,0.27,1520.1334993976632,287.74535902752217
2024-01-13 10:08:17.297297297,Office Supplies,South,Home Office,7,0.25,591.806503493957,95.16930718539658
2024-01-13 18:54:24.864864864,Furniture,South,Home Office,9,0.09,2439.567240913351,234.05252765769902
2024-01-14 03:40:32.432432432,Office Supplies,South,Consumer,5,0.08,465.8138321100254,41.81247093726093
2024-01-14 12:26:40.000000000,Office Supplies,West,Home Office,8,0.29,592.6574569008694,91.52341991139781
2024-01-14 21:12:47.567567567,Electronics,East,Consumer,8,0.16,3369.0603459868803,265.92190503136175
2024-01-15 05:58:55.135135135,Office Supplies,West,Home Office,1,0.27,83.20213395558307,5.317217214084546
2024-01-15 14:45:02.702702702,Electronics,North,Consumer,5,0.05,2372.7384102407304,308.06076920904206
2024-01-15 23:31:10.270270270,Office Supplies,West,Corporate,3,0.19,190.9104316393471,33.07451359286702
2024-01-16 08:17:17.837837837,Office Supplies,North,Home Office,1,0.24,89.93157320399034,5.864165968872649
2024-01-16 17:03:25.405405405,Electronics,West,Home Office,4,0.28,1410.701261719534,238.1033765294848
2024-01-17 01:49:32.972972973,Electronics,East,Home Office,8,0.1,3631.030688696127,623.5779625178711
2024-01-17 10:35:40.540540540,Office Supplies,North,Home Office,3,0.22,288.8824569579874,35.342197558476315
2024-01-17 19:21:48.108108108,Furniture,South,Corporate,2,0.16,431.77770954331936,25.300682635597806
2024-01-18 04:07:55.675675675,Electronics,South,Home Office,9,0.02,4464.952313097084,340.1779196802643
2024-01-18 12:54:03.243243243,Furniture,West,Corporate,5,0.21,1168.5576883253182,182.42814633083864
2024-01-18 21:40:10.810810810,Furniture,South,Corporate,7,0.21,1653.7620311126211,259.2548025570411
2024-01-19 06:26:18.378378378,Furniture,North,Corporate,2,0.28,395.5045018995044,73.0707584400722
2024-01-19 15:12:25.945945946,Electronics,South,Corporate,9,0.15,3832.5387091626512,526.6020172526216
2024-01-19 23:58:33.513513513,Furniture,East,Consumer,9,0.07,2513.672595327096,172.4784231314006
2024-01-20 08:44:41.081081081,Electronics,East,Consumer,4,0.01,2023.076913011714,137.9985994839769
2024-01-20 17:30:48.648648648,Furniture,West,Home Office,4,0.12,1026.3442689347896,162.33672276423113
2024-01-21 02:16:56.216216216,Office Supplies,North,Consumer,6,0.09,612.4320960775163,47.50494895571626
2024-01-21 11:03:03.783783783,Office Supplies,East,Consumer,6,0.23,488.5885634523556,48.49623810005697
2024-01-21 19:49:11.351351351,Electronics,East,Home Office,1,0.11,448.63875907101635,55.219266482042855
2024-01-22 04:35:18.918918918,Office Supplies,North,Home Office,9,0.28,640.7686254441803,34.41871475677359
2024-01-22 13:21:26.486486486,Office Supplies,South,Home Office,2,0.29,129.737222114646,11.32902451195755
2024-01-22 22:07:34.054054054,Furniture,South,Consumer,5,0.19,1205.3462490237398,134.01454389568877
2024-01-23 06:53:41.621621621,Electronics,West,Consumer,9,0.28,3246.736078277419,298.52260252115616
2024-01-23 15:39:49.189189189,Furniture,South,Home Office,4,0.23,915.6400015722508,64.51191910713409
2024-01-24 00:25:56.756756756,Furniture,North,Corporate,3,0.16,730.3788217397005,116.27765134617188
2024-01-24 09:12:04.324324324,Furniture,East,Home Office,7,0.05,2001.978371793468,344.28452139780524
2024-01-24 17:58:11.891891891,Furniture,South,Corporate,6,0.14,1514.5484752509844,134.2220823716987
2024-01-25 02:44:19.459459459,Furniture,West,Corporate,8,0.17,2004.8986760400699,333.1398267173732
2024-01-25 11:30:27.027027027,Furniture,South,Home Office,3,0.26,657.0773185807703,70.85464126894956
2024-01-25 20:16:34.594594594,Furniture,North,Home Office,5,0.14,1317.8692363692737,166.05530425925267
2024-01-26 05:02:42.162162162,Electronics,West,Home Office,4,0.27,1499.562968427819,267.522275348018
2024-01-26 13:48:49.729729729,Office Supplies,South,Consumer,4,0.2,359.54722241378954,58.42392560534709
2024-01-26 22:34:57.297297297,Furniture,West,Corporate,4,0.04,1164.724202242105,198.89707246624187
2024-01-27 07:21:04.864864865,Furniture,North,Consumer,8,0.3,1697.3932488306739,119.71167172635235
2024-01-27 16:07:12.432432432,Furniture,East,Consumer,6,0.16,1499.0899589552625,90.63185162948363
2024-01-28 00:53:20.000000000,Furniture,North,Home Office,3,0.12,819.1055875393339,150.72420020647198
2024-01-28 09:39:27.567567567,Furniture,North,Consumer,5,0.2,1231.6200544264689,133.2306723509636
2024-01-28 18:25:35.135135135,Furniture,North,Home Office,6,0.03,1683.306833859019,156.85381610652516
2024-01-29 03:11:42.702702702,Office Supplies,North,Corporate,5,0.19,420.1338878242905,66.67711261042267
2024-01-29 11:57:50.270270270,Office Supplies,East,Home Office,6,0.15,564.7251923083547,99.08800340965777
2024-01-29 20:43:57.837837837,Furniture,East,Consumer,8,0.12,2097.7483882158085,376.28035153929386
2024-01-30 05:30:05.405405405,Office Supplies,West,Consumer,7,0.29,474.0181209546448,46.169161707215245
2024-01-30 14:16:12.972972973,Electronics,South,Home Office,5,0.16,2083.205461556547,370.46029924145125
2024-01-30 23:02:20.540540540,Furniture,East,Home Office,6,0.07,1613.804960286835,90.59915838565534
2024-01-31 07:48:28.108108108,Electronics,East,Consumer,4,0.14,1725.0393581779565,99.10217201197285
2024-01-31 16:34:35.675675675,Electronics,South,Corporate,9,0.28,3241.19861760389,465.20236389738847
2024-02-01 01:20:43.243243243,Furniture,East,Corporate,4,0.05,1147.881073315092,68.25984467276035
2024-02-01 10:06:50.810810810,Office Supplies,North,Home Office,1,0.06,110.63906484871208,10.919121469227946
2024-02-01 18:52:58.378378378,Electronics,North,Corporate,7,0.0,3468.080263912741,523.3797769454534
2024-02-02 03:39:05.945945946,Furniture,South,Consumer,7,0.0,2110.9279679608817,212.33831693027741
2024-02-02 12:25:13.513513513,Electronics,West,Home Office,4,0.25,1517.7279463966292,116.77393843858552
2024-02-02 21:11:21.081081081,Electronics,West,Consumer,3,0.22,1150.4643307673186,106.07579477067327
2024-02-03 05:57:28.648648648,Electronics,South,Consumer,8,0.11,3576.804719930079,424.33887721404176
2024-02-03 14:43:36.216216216,Electronics,South,Corporate,5,0.21,1978.2282650554696,239.97467363354147
2024-02-03 23:29:43.783783783,Office Supplies,North,Home Office,7,0.12,590.7524092222648,98.92151142460578
2024-02-04 08:15:51.351351351,Electronics,West,Home Office,4,0.29,1431.311547859347,232.62102438536328
2024-02-04 17:01:58.918918919,Electronics,East,Corporate,4,0.29,1408.3715702658712,166.92395982251338
2024-02-05 01:48:06.486486486,Electronics,North,Consumer,8,0.12,3547.8826109605757,627.4434029267276
2024-02-05 10:34:14.054054054,Office Supplies,South,Consumer,8,0.26,582.4333447972385,39.101995049339784
2024-02-05 19:20:21.621621621,Electronics,West,Consumer,2,0.23,718.4093767293976,63.4377050140262
2024-02-06 04:06:29.189189189,Electronics,East,Consumer,2,0.09,920.6794794211061,160.37911487958252
2024-02-06 12:52:36.756756756,Office Supplies,East,Home Office,3,0.07,288.1761299132574,30.74813537289794
2024-02-06 21:38:44.324324324,Office Supplies,North,Home Office,3,0.14,214.75451548809355,42.34470131409828
2024-02-07 06:24:51.891891892,Office Supplies,West,Corporate,1,0.23,107.02144461741223,12.835937192878305
2024-02-07 15:10:59.459459459,Electronics,West,Corporate,3,0.29,1092.928833445419,184.47583315771965
2024-02-07 23:57:07.027027027,Office Supplies,South,Home Office,6,0.23,427.2007923010037,47.13992263907348
2024-02-08 08:43:14.594594594,Office Supplies,West,Home Office,8,0.26,565.6149479576036,64.33475678321474
2024-02-08 17:29:22.162162162,Electronics,West,Consumer,6,0.18,2454.319695478819,263.67363219091436
2024-02-09 02:15:29.729729729,Office Supplies,North,Consumer,5,0.25,344.6459147584945,54.406266989646845
2024-02-09 11:01:37.297297297,Electronics,West,Corporate,4,0.24,1545.615887396467,204.21864540534702
2024-02-09 19:47:44.864864864,Furniture,East,Home Office,3,0.11,806.9588779730884,154.58646276946138
2024-02-10 04:33:52.432432432,Office Supplies,North,Corporate,4,0.17,288.2577141644706,25.261046080741764
2024-02-10 13:20:00.000000000,Furniture,North,Home Office,7,0.24,1563.1011634860283,101.73351670274627
2024-02-10 22:06:07.567567567,Electronics,South,Consumer,1,0.01,542.508767086656,59.127608867909196
2024-02-11 06:52:15.135135135,Office Supplies,West,Corporate,7,0.24,593.4224951166166,84.56680381711199
2024-02-11 15:38:22.702702702,Electronics,South,Corporate,1,0.05,496.5491590421003,88.94180618656348
2024-02-12 00:24:30.270270270,Furniture,East,Home Office,2,0.15,501.54898979398746,51.12265430735066
2024-02-12 09:10:37.837837837,Electronics,North,Consumer,4,0.24,1502.401483503737,222.4576018928588
2024-02-12 17:56:45.405405405,Office Supplies,North,Corporate,1,0.08,113.9879767324402,11.687164702252902
2024-02-13 02:42:52.972972973,Office Supplies,North,Consumer,9,0.07,840.0368213703795,119.77491755645134
2024-02-13 11:29:00.540540540,Furniture,East,Corporate,6,0.12,1519.5971421034249,277.6626012478976
2024-02-13 20:15:08.108108108,Electronics,East,Consumer,1,0.27,406.27471930139325,34.4129501401457
2024-02-14 05:01:15.675675675,Office Supplies,South,Home Office,1,0.0,153.83213069451477,17.019409502842038
2024-02-14 13:47:23.243243243,Furniture,South,Corporate,6,0.27,1343.490101317728,267.3407989739024
2024-02-14 22:33:30.810810810,Office Supplies,South,Corporate,4,0.05,336.33555221487165,60.63576876970213
2024-02-15 07:19:38.378378378,Office Supplies,West,Consumer,4,0.3,254.5269420110664,34.28375555573583
2024-02-15 16:05:45.945945946,Electronics,North,Consumer,6,0.29,2055.6912055456914,262.088579844847
2024-02-16 00:51:53.513513513,Office Supplies,North,Corporate,7,0.15,658.8419396558222,61.0680971684518
2024-02-16 09:38:01.081081081,Electronics,South,Home Office,9,0.15,3810.730457469639,486.17838072380795
2024-02-16 18:24:08.648648648,Office Supplies,North,Consumer,5,0.14,523.3315728659913,92.74860227890126
2024-02-17 03:10:16.216216216,Furniture,South,Consumer,9,0.19,2265.209201236311,346.0700018512315
2024-02-17 11:56:23.783783783,Office Supplies,West,Consumer,4,0.03,351.86294334524223,32.90150898542462
2024-02-17 20:42:31.351351351,Electronics,West,Corporate,2,0.01,961.6692904238795,77.1447144220285
2024-02-18 05:28:38.918918919,Electronics,East,Corporate,3,0.02,1488.6476136938848,133.65268904443064
2024-02-18 14:14:46.486486486,Furniture,West,Corporate,1,0.13,190.8183158453492,14.399890528622054
2024-02-18 23:00:54.054054054,Office Supplies,South,Corporate,6,0.08,534.4696353048575,34.39103895385761
2024-02-19 07:47:01.621621621,Office Supplies,West,Home Office,6,0.19,464.4736399517309,52.42533768436829
2024-02-19 16:33:09.189189189,Furniture,East,Home Office,1,0.3,284.0466376778683,19.0296876358275
2024-02-20 01:19:16.756756756,Office Supplies,North,Corporate,3,0.12,270.4407154201782,20.495859036223532
2024-02-20 10:05:24.324324324,Office Supplies,South,Home Office,5,0.17,403.6093208985122,53.3162676685135
2024-02-20 18:51:31.891891891,Electronics,North,Consumer,3,0.12,1294.740610692588,96.70403515703099
2024-02-21 03:37:39.459459459,Office Supplies,East,Consumer,3,0.25,260.7619838929918,15.536711427535362
2024-02-21 12:23:47.027027027,Office Supplies,East,Consumer,3,0.27,199.13156704278367,19.43689921233316
2024-02-21 21:09:54.594594594,Furniture,East,Corporate,5,0.26,1107.9886810255,92.01609417430714
2024-02-22 05:56:02.162162162,Furniture,North,Consumer,5,0.29,1039.4350591011214,132.31569473576351
2024-02-22 14:42:09.729729730,Electronics,North,Home Office,4,0.01,1919.2985147193842,125.43587474547529
2024-02-22 23:28:17.297297297,Office Supplies,North,Corporate,1,0.25,35.15859489189345,5.7226104309504935
2024-02-23 08:14:24.864864865,Office Supplies,North,Home Office,5,0.23,364.9211317054123,67.85162081051806
2024-02-23 17:00:32.432432432,Office Supplies,East,Consumer,5,0.07,454.46980678945476,73.4038163197262
2024-02-24 01:46:40.000000000,Electronics,East,Consumer,4,0.29,1411.2230429630597,183.35182111234113
2024-02-24 10:32:47.567567567,Electronics,South,Consumer,6,0.04,2876.4432119792496,515.1714776620032
2024-02-24 19:18:55.135135135,Furniture,South,Corporate,4,0.2,940.4524947939597,145.05328333125226
2024-02-25 04:05:02.702702703,Electronics,North,Home Office,7,0.07,3308.9650539267363,170.68524701644384
2024-02-25 12:51:10.270270270,Office Supplies,West,Corporate,7,0.13,646.9193647942793,70.58765093539827
2024-02-25 21:37:17.837837838,Office Supplies,West,Corporate,2,0.22,150.59562931236647,26.75222698647642
2024-02-26 06:23:25.405405405,Electronics,East,Consumer,3,0.17,1255.17033118964,127.87528315593542
2024-02-26 15:09:32.972972973,Office Supplies,East,Corporate,1,0.13,72.1164703418818,3.986762619664735
2024-02-26 23:55:40.540540540,Office Supplies,East,Corporate,8,0.1,606.260588317929,98.16992541483049
2024-02-27 08:41:48.108108108,Electronics,South,Consumer,9,0.25,3375.819720517041,574.9214774403947
2024-02-27 17:27:55.675675675,Electronics,South,Corporate,4,0.04,1932.2245744500487,143.1566913321651
2024-02-28 02:14:03.243243243,Office Supplies,East,Consumer,6,0.13,457.4935296783909,59.749146564908635
2024-02-28 11:00:10.810810811,Office Supplies,East,Consumer,9,0.27,676.9764427677841,53.34121867757742
2024-02-28 19:46:18.378378378,Office Supplies,East,Consumer,6,0.25,438.77693288220763,69.27636750583646
2024-02-29 04:32:25.945945946,Furniture,West,Consumer,9,0.12,2389.5173488253863,216.80704600047417
2024-02-29 13:18:33.513513513,Furniture,South,Corporate,4,0.23,913.9840541051966,89.05153965873045
2024-02-29 22:04:41.081081081,Furniture,West,Consumer,8,0.25,1850.038178969074,326.9861598509953
2024-03-01 06:50:48.648648648,Electronics,West,Consumer,9,0.27,3294.0491528233633,400.05684375486595
2024-03-01 15:36:56.216216216,Furniture,East,Corporate,4,0.16,1048.0966583468803,157.69994325256317
2024-03-02 00:23:03.783783784,Electronics,East,Corporate,5,0.06,2393.3890456869976,264.12474006617185
2024-03-02 09:09:11.351351351,Electronics,North,Home Office,8,0.08,3635.2177709564635,344.2588620184669
2024-03-02 17:55:18.918918919,Furniture,North,Corporate,6,0.09,1608.4393251991542,231.32849267540547
2024-03-03 02:41:26.486486486,Furniture,West,Corporate,7,0.18,1740.0644273090504,127.42254475854249
2024-03-03 11:27:34.054054054,Furniture,South,Home Office,3,0.01,876.3785086496731,92.85228137558278
2024-03-03 20:13:41.621621621,Office Supplies,East,Corporate,7,0.19,557.4557292297482,45.35212057828672
2024-03-04 04:59:49.189189189,Furniture,East,Corporate,8,0.11,2187.4625928868245,337.67694901961204
2024-03-04 13:45:56.756756757,Office Supplies,West,Corporate,6,0.09,533.5853448723171,102.25166703967554
2024-03-04 22:32:04.324324324,Electronics,North,Corporate,9,0.26,3291.2428260700567,656.0323910669446
2024-03-05 07:18:11.891891892,Office Supplies,South,Home Office,6,0.14,482.6479999345762,56.73118029321193
2024-03-05 16:04:19.459459459,Furniture,North,Corporate,9,0.03,2706.294260047708,237.82794459649358
2024-03-06 00:50:27.027027027,Electronics,North,Corporate,4,0.25,1492.8712207845906,173.80664445396718
2024-03-06 09:36:34.594594594,Electronics,North,Home Office,8,0.01,3905.4300897912835,691.6142216637834
2024-03-06 18:22:42.162162162,Electronics,North,Consumer,4,0.22,1489.2216561873363,120.47930047895655
2024-03-07 03:08:49.729729730,Office Supplies,East,Home Office,2,0.23,129.01453429303547,24.87585327971569
2024-03-07 11:54:57.297297297,Furniture,East,Consumer,9,0.11,2395.139115222905,242.5793670117755
2024-03-07 20:41:04.864864865,Electronics,North,Home Office,5,0.25,1912.9669482571069,378.51982011275607
2024-03-08 05:27:12.432432432,Electronics,South,Home Office,4,0.15,1734.0938066584706,304.83866204513265
2024-03-08 14:13:20.000000000,Electronics,West,Corporate,2,0.14,859.7461431570866,147.26211688840698
2024-03-08 22:59:27.567567567,Office Supplies,South,Consumer,1,0.01,80.83325655361644,7.896253335887258
2024-03-09 07:45:35.135135135,Office Supplies,South,Corporate,7,0.09,650.5840741368676,33.385750853140394
2024-03-09 16:31:42.702702702,Furniture,South,Consumer,6,0.28,1226.0501569545445,131.5796247742671
2024-03-10 01:17:50.270270270,Office Supplies,North,Home Office,2,0.12,255.2432357571687,24.317381802039048
2024-03-10 10:03:57.837837838,Electronics,East,Home Office,8,0.16,3386.1642238342642,188.3030638419146
2024-03-10 18:50:05.405405405,Furniture,South,Consumer,4,0.16,1042.679608789131,131.1740876318398
2024-03-11 03:36:12.972972973,Electronics,North,Corporate,8,0.18,3237.033864724936,357.5455937112542
2024-03-11 12:22:20.540540540,Electronics,South,Corporate,7,0.02,3481.305945651864,505.4280778826556
2024-03-11 21:08:28.108108108,Office Supplies,South,Corporate,5,0.11,426.5993135589482,61.079614473977955
2024-03-12 05:54:35.675675675,Furniture,North,Corporate,8,0.22,1833.8976750872575,124.91042998119228
2024-03-12 14:40:43.243243243,Office Supplies,East,Home Office,9,0.06,844.4331051757512,165.9689627236017
2024-03-12 23:26:50.810810811,Office Supplies,East,Home Office,5,0.06,467.497796560465,36.48339453378942
2024-03-13 08:12:58.378378378,Furniture,West,Home Office,5,0.0,1456.8585170995202,170.1481141682224
2024-03-13 16:59:05.945945946,Electronics,North,Home Office,2,0.13,834.2025058583454,102.7884569757935
2024-03-14 01:45:13.513513513,Electronics,West,Home Office,5,0.26,1811.070728986878,311.4306713787469
2024-03-14 10:31:21.081081081,Furniture,West,Corporate,3,0.02,843.451397285727,54.72687108600558
2024-03-14 19:17:28.648648648,Electronics,West,Corporate,7,0.06,3274.476083716016,374.261620289305
2024-03-15 04:03:36.216216216,Furniture,East,Corporate,5,0.09,1309.4405945531016,188.91996804845652
2024-03-15 12:49:43.783783784,Furniture,North,Corporate,8,0.22,1844.3450201034425,151.74043089861024
2024-03-15 21:35:51.351351351,Office Supplies,West,Home Office,1,0.19,122.80538193537076,17.698734340791358
2024-03-16 06:21:58.918918919,Furniture,North,Home Office,3,0.12,824.9323780841673,155.54077355309255
2024-03-16 15:08:06.486486486,Office Supplies,North,Home Office,3,0.23,189.00483036428983,37.730603293353724
2024-03-16 23:54:14.054054054,Electronics,East,Consumer,9,0.18,3728.32819669177,204.5646495263414
2024-03-17 08:40:21.621621621,Electronics,West,Corporate,5,0.27,1746.342429234558,149.02977928350927
2024-03-17 17:26:29.189189189,Electronics,West,Corporate,9,0.25,3472.165772880486,335.2239506240034
2024-03-18 02:12:36.756756757,Electronics,North,Home Office,9,0.08,4192.012527685423,460.5718683630005
2024-03-18 10:58:44.324324324,Office Supplies,South,Corporate,1,0.08,69.61072351439573,6.010090578122283
2024-03-18 19:44:51.891891892,Electronics,East,Corporate,2,0.04,975.2970624694044,78.53403962410819
2024-03-19 04:30:59.459459459,Furniture,East,Home Office,5,0.1,1293.9632268756347,249.9717968679444
2024-03-19 13:17:07.027027027,Furniture,East,Consumer,4,0.3,842.4177115970325,158.1877155786084
2024-03-19 22:03:14.594594594,Furniture,East,Consumer,9,0.12,2368.6534786999014,135.12901658107148
2024-03-20 06:49:22.162162162,Office Supplies,West,Consumer,7,0.07,617.6094644243042,62.268592543217785
2024-03-20 15:35:29.729729729,Electronics,West,Home Office,6,0.23,2291.2577005469657,253.80784654951555
2024-03-21 00:21:37.297297297,Electronics,South,Corporate,7,0.16,2917.320500967623,250.45832534991018
2024-03-21 09:07:44.864864865,Electronics,East,Home Office,1,0.04,434.7305312272946,62.74506384868233
2024-03-21 17:53:52.432432432,Office Supplies,East,Home Office,1,0.11,54.674110164133474,7.985542631559268
2024-03-22 02:40:00.000000000,Furniture,North,Corporate,8,0.12,2054.3262229600114,364.79828199707146
2024-03-22 11:26:07.567567567,Furniture,West,Consumer,2,0.23,496.2932306224247,79.96792193248704
2024-03-22 20:12:15.135135135,Electronics,East,Consumer,9,0.01,4417.715490141749,580.4259631683743
2024-03-23 04:58:22.702702702,Furniture,South,Home Office,7,0.08,1883.119165137194,278.77322416947425
2024-03-23 13:44:30.270270270,Furniture,South,Consumer,6,0.16,1545.6601871926398,140.8070420649017
2024-03-23 22:30:37.837837838,Office Supplies,West,Home Office,1,0.08,106.78481417357321,14.838649964701403
2024-03-24 07:16:45.405405405,Office Supplies,South,Home Office,1,0.19,113.18004223795836,13.964616315381361
2024-03-24 16:02:52.972972973,Office Supplies,South,Corporate,2,0.14,208.64332896786618,14.60538148244346
2024-03-25 00:49:00.540540540,Office Supplies,West,Corporate,6,0.11,611.498195877537,52.8222179265132
2024-03-25 09:35:08.108108108,Electronics,East,Corporate,6,0.28,2153.7584093322725,201.92350383242837
2024-03-25 18:21:15.675675675,Office Supplies,East,Home Office,2,0.19,103.6956928401797,19.561822785157215
2024-03-26 03:07:23.243243243,Furniture,South,Corporate,1,0.04,298.84151203048503,25.26943935137945
2024-03-26 11:53:30.810810811,Electronics,South,Consumer,5,0.17,2048.239815084807,191.27812245810512
2024-03-26 20:39:38.378378378,Furniture,East,Consumer,5,0.23,1116.6997886673785,117.7036412855128
2024-03-27 05:25:45.945945946,Furniture,West,Home Office,2,0.21,477.9970068886896,71.48990670549001
2024-03-27 14:11:53.513513513,Furniture,South,Home Office,6,0.05,1744.6301093203836,118.17384440369973
2024-03-27 22:58:01.081081081,Office Supplies,North,Corporate,9,0.29,605.5602063361487,116.9286992734743
2024-03-28 07:44:08.648648648,Office Supplies,West,Home Office,2,0.13,224.97552349326875,40.45862692889249
2024-03-28 16:30:16.216216216,Electronics,South,Home Office,2,0.05,910.4154416398874,124.34673598650711
2024-03-29 01:16:23.783783784,Electronics,South,Consumer,3,0.05,1415.2438711469815,213.85138767647186
2024-03-29 10:02:31.351351351,Office Supplies,North,Consumer,7,0.03,694.4523152712347,36.45810118792008
2024-03-29 18:48:38.918918919,Furniture,North,Corporate,6,0.24,1352.4840316526377,136.38681102326203
2024-03-30 03:34:46.486486486,Electronics,East,Home Office,8,0.04,3768.9599064424583,638.2697215991828
2024-03-30 12:20:54.054054054,Office Supplies,West,Home Office,8,0.04,805.0962996715522,49.612003306747276
2024-03-30 21:07:01.621621621,Office Supplies,West,Consumer,6,0.26,419.0614263857589,38.69909702720451
2024-03-31 05:53:09.189189189,Office Supplies,East,Home Office,3,0.1,299.79593797574773,41.31023864549465
2024-03-31 14:39:16.756756756,Furniture,West,Consumer,3,0.01,840.4342345988936,74.34645473124645
2024-03-31 23:25:24.324324324,Office Supplies,West,Corporate,1,0.02,54.26253671614353,10.315128952920126
2024-04-01 08:11:31.891891892,Office Supplies,West,Consumer,7,0.04,706.4973363822143,49.21375285508039
2024-04-01 16:57:39.459459459,Office Supplies,West,Home Office,5,0.06,483.6203237096809,82.02643380982902
2024-04-02 01:43:47.027027027,Office Supplies,West,Corporate,4,0.2,302.4565715726129,38.1676915619515
2024-04-02 10:29:54.594594594,Electronics,North,Consumer,4,0.05,1914.2012639268335,311.1526811120059
2024-04-02 19:16:02.162162162,Electronics,West,Consumer,4,0.04,1881.8384345782256,181.79932878327236
2024-04-03 04:02:09.729729729,Office Supplies,North,Corporate,6,0.23,466.4103646995564,59.315010692250986
2024-04-03 12:48:17.297297297,Furniture,West,Corporate,8,0.2,1925.1421569356025,343.6865858424922
2024-04-03 21:34:24.864864865,Electronics,East,Consumer,8,0.13,3465.048735792359,415.91574185996586
2024-04-04 06:20:32.432432432,Office Supplies,South,Home Office,5,0.16,386.5885717763697,40.188966737141094
2024-04-04 15:06:40.000000000,Electronics,North,Consumer,6,0.09,2732.809943128592,356.42211274844374
2024-04-04 23:52:47.567567567,Electronics,West,Corporate,4,0.14,1717.800754267964,270.7329794508404
2024-04-05 08:38:55.135135135,Furniture,East,Consumer,9,0.15,2276.3671168432156,265.27530793162447
2024-04-05 17:25:02.702702702,Office Supplies,South,Corporate,8,0.12,662.64742119277,126.45403201893286
2024-04-06 02:11:10.270270270,Office Supplies,North,Corporate,1,0.27,73.4990819734187,6.926691193521779
2024-04-06 10:57:17.837837838,Furniture,South,Home Office,2,0.0,581.4671054065358,70.54332229112353
2024-04-06 19:43:25.405405405,Furniture,East,Corporate,9,0.23,2037.6136951825226,333.229609499612
2024-04-07 04:29:32.972972973,Office Supplies,North,Corporate,8,0.04,769.7411924303244,118.0537931105798
2024-04-07 13:15:40.540540540,Office Supplies,South,Home Office,3,0.24,292.33221888221544,52.487126719742626
2024-04-07 22:01:48.108108108,Furniture,West,Corporate,8,0.18,1953.326893363717,389.73047169462535
2024-04-08 06:47:55.675675675,Electronics,North,Home Office,1,0.25,434.9110616496809,49.5923644250262
2024-04-08 15:34:03.243243243,Electronics,South,Home Office,4,0.03,2024.5732685892037,134.98362842788
2024-04-09 00:20:10.810810810,Furniture,East,Corporate,3,0.17,708.863243904893,38.67726718560877
2024-04-09 09:06:18.378378378,Electronics,East,Corporate,6,0.15,2550.3617683279585,405.58794917130547
2024-04-09 17:52:25.945945946,Furniture,North,Consumer,7,0.21,1743.1492767126524,315.6879086824463
2024-04-10 02:38:33.513513513,Electronics,South,Home Office,4,0.16,1675.1568015436383,139.21706850684362
2024-04-10 11:24:41.081081081,Electronics,North,Consumer,7,0.16,2941.472485830616,216.984205565727
2024-04-10 20:10:48.648648648,Office Supplies,North,Corporate,9,0.13,716.1997810250043,42.492679990651254
2024-04-11 04:56:56.216216216,Office Supplies,South,Consumer,2,0.09,160.7335239872133,27.872067169688126
2024-04-11 13:43:03.783783783,Electronics,South,Home Office,3,0.14,1312.2235473867574,126.90158443304045
2024-04-11 22:29:11.351351351,Electronics,West,Consumer,5,0.04,2497.17130571805,275.3244584152747
2024-04-12 07:15:18.918918919,Office Supplies,South,Home Office,3,0.29,205.15972666113237,25.729600116475623
2024-04-12 16:01:26.486486486,Office Supplies,East,Corporate,8,0.21,565.4949471099458,99.48073169758773
2024-04-13 00:47:34.054054054,Office Supplies,North,Corporate,8,0.29,511.79003236906766,75.55299494792592
2024-04-13 09:33:41.621621621,Furniture,North,Home Office,8,0.07,2230.568412562468,317.3199808849124
2024-04-13 18:19:49.189189189,Electronics,East,Corporate,9,0.26,3377.08827192209,257.8434418658592
2024-04-14 03:05:56.756756756,Office Supplies,South,Corporate,4,0.24,329.4941473150158,41.83866723269314
2024-04-14 11:52:04.324324324,Electronics,East,Corporate,5,0.2,2018.410234540405,317.5103667274187
2024-04-14 20:38:11.891891892,Furniture,East,Corporate,5,0.19,1267.365775476704,248.38991883829732
2024-04-15 05:24:19.459459460,Furniture,West,Home Office,8,0.09,2155.190836499242,172.86989662942455
2024-04-15 14:10:27.027027026,Office Supplies,East,Consumer,7,0.24,532.7637887983026,27.400842380605468
2024-04-15 22:56:34.594594594,Furniture,North,Consumer,9,0.15,2274.184715191904,139.39664115784691
2024-04-16 07:42:42.162162162,Electronics,East,Corporate,8,0.02,3909.141770581917,415.846174211955
2024-04-16 16:28:49.729729730,Office Supplies,North,Consumer,2,0.09,141.7492258269806,24.53419657751896
2024-04-17 01:14:57.297297296,Electronics,North,Consumer,4,0.28,1426.240957142648,72.83999728770233
2024-04-17 10:01:04.864864864,Electronics,North,Corporate,6,0.26,2218.891377350184,262.9599050164735
2024-04-17 18:47:12.432432432,Furniture,South,Corporate,2,0.29,411.141140005538,40.86109457770476
2024-04-18 03:33:20.000000000,Furniture,West,Consumer,7,0.19,1694.5575398794479,98.06786862726152
2024-04-18 12:19:27.567567568,Furniture,North,Home Office,3,0.07,853.2016217374875,100.2814305799956
2024-04-18 21:05:35.135135134,Furniture,North,Corporate,3,0.05,904.5478307625759,79.79225012977871
2024-04-19 05:51:42.702702702,Furniture,South,Home Office,2,0.06,616.4462347245039,63.36002391470539
2024-04-19 14:37:50.270270270,Office Supplies,North,Consumer,8,0.01,822.4568706958797,128.17356685799535
2024-04-19 23:23:57.837837838,Electronics,East,Corporate,6,0.12,2589.6007408624673,332.07135919313185
2024-04-20 08:10:05.405405406,Electronics,East,Home Office,1,0.06,455.58360057720586,31.29727870434592
2024-04-20 16:56:12.972972972,Electronics,West,Corporate,1,0.12,429.0285987714959,83.32257990604914
2024-04-21 01:42:20.540540540,Electronics,North,Consumer,7,0.28,2493.7140067684572,362.55263786420727
2024-04-21 10:28:28.108108108,Furniture,South,Home Office,8,0.13,2101.6940471611842,346.5278690266068
2024-04-21 19:14:35.675675676,Electronics,East,Consumer,5,0.26,1786.2268602687418,110.53524144815447
2024-04-22 04:00:43.243243242,Office Supplies,South,Consumer,5,0.18,477.7426587811317,27.25940223723071
2024-04-22 12:46:50.810810810,Office Supplies,South,Corporate,4,0.07,419.8088268608686,22.215110824506716
2024-04-22 21:32:58.378378378,Electronics,East,Home Office,6,0.11,2689.12809047607,210.61010303375684
2024-04-23 06:19:05.945945946,Electronics,South,Consumer,6,0.03,2907.5156268031924,326.1106151769092
2024-04-23 15:05:13.513513514,Office Supplies,East,Consumer,3,0.1,319.15357180290215,60.75851654944664
2024-04-23 23:51:21.081081080,Office Supplies,South,Home Office,9,0.2,747.5761974712107,88.63184818726998
2024-04-24 08:37:28.648648648,Furniture,East,Consumer,7,0.02,2102.2655113687238,196.64227019694073
2024-04-24 17:23:36.216216216,Office Supplies,North,Consumer,1,0.06,91.6379167096064,12.30608222921429
2024-04-25 02:09:43.783783784,Furniture,West,Home Office,7,0.11,1940.5725234345666,129.61120118432007
2024-04-25 10:55:51.351351350,Furniture,East,Home Office,5,0.29,1111.6755150275942,157.21969204567733
2024-04-25 19:41:58.918918918,Furniture,East,Home Office,5,0.24,1160.3814518174372,156.95875705468976
2024-04-26 04:28:06.486486486,Furniture,West,Home Office,2,0.22,518.2389168172461,87.47818760470932
2024-04-26 13:14:14.054054054,Furniture,East,Corporate,4,0.03,1147.2335223266412,227.15584173305098
2024-04-26 22:00:21.621621622,Electronics,East,Home Office,6,0.23,2263.299985626119,198.33528802066309
2024-04-27 06:46:29.189189188,Office Supplies,South,Corporate,7,0.24,544.862020521899,68.89696755963848
2024-04-27 15:32:36.756756756,Furniture,West,Corporate,5,0.18,1227.7163821674612,228.7601613868421
2024-04-28 00:18:44.324324324,Office Supplies,North,Corporate,9,0.3,622.0913063088948,104.37353545061507
2024-04-28 09:04:51.891891892,Office Supplies,East,Consumer,3,0.1,318.6524815739761,39.22960828137929
2024-04-28 17:50:59.459459460,Furniture,West,Corporate,1,0.28,222.68556852842522,42.71237191618956
2024-04-29 02:37:07.027027026,Electronics,South,Corporate,4,0.27,1470.5427629414194,86.152488960947
2024-04-29 11:23:14.594594594,Furniture,North,Consumer,9,0.0,2686.917897649836,509.57342298144715
2024-04-29 20:09:22.162162162,Electronics,West,Consumer,4,0.14,1755.244925571181,101.0601729061221
2024-04-30 04:55:29.729729730,Office Supplies,North,Consumer,2,0.29,170.0750312523168,22.466182281592772
2024-04-30 13:41:37.297297296,Electronics,North,Home Office,5,0.03,2459.946387075772,451.56286829472805
2024-04-30 22:27:44.864864864,Electronics,North,Consumer,3,0.16,1240.109441334553,110.87588044873173
2024-05-01 07:13:52.432432432,Electronics,East,Consumer,9,0.29,3247.1635384018796,392.37839294605465
2024-05-01 16:00:00.000000000,Office Supplies,East,Corporate,4,0.17,405.55073695065494,40.00730923978926
2024-05-02 00:46:07.567567568,Office Supplies,South,Consumer,6,0.06,597.6815358929882,115.24590260705338
2024-05-02 09:32:15.135135134,Electronics,South,Home Office,2,0.17,797.6284685102283,138.42589957622704
2024-05-02 18:18:22.702702702,Electronics,West,Consumer,6,0.06,2787.911908630552,435.89065893110853
2024-05-03 03:04:30.270270270,Furniture,South,Home Office,3,0.16,740.9849217762765,102.36265659540764
2024-05-03 11:50:37.837837838,Electronics,North,Consumer,9,0.02,4387.424911439259,759.4139743624556
2024-05-03 20:36:45.405405406,Furniture,North,Consumer,2,0.18,489.15629497250944,53.23979864934835
2024-05-04 05:22:52.972972972,Electronics,East,Consumer,9,0.16,3805.2976986547137,445.7250915722975
2024-05-04 14:09:00.540540540,Furniture,North,Consumer,5,0.22,1181.5980976299938,188.46520161586483
2024-05-04 22:55:08.108108108,Office Supplies,West,Home Office,8,0.19,656.0915622554515,68.01256034582792
2024-05-05 07:41:15.675675676,Electronics,North,Home Office,2,0.16,830.3518900079941,49.47663470087348
2024-05-05 16:27:23.243243242,Electronics,North,Corporate,6,0.21,2367.046162913418,144.74532575598766
2024-05-06 01:13:30.810810810,Electronics,West,Home Office,3,0.04,1471.86302030116,99.0628871890904
2024-05-06 09:59:38.378378378,Electronics,South,Consumer,5,0.18,1969.5216789000074,355.404516953969
2024-05-06 18:45:45.945945946,Furniture,South,Corporate,8,0.05,2279.5443836608506,275.4463836803615
2024-05-07 03:31:53.513513514,Electronics,West,Corporate,1,0.28,371.519503797093,58.303430808552534
2024-05-07 12:18:01.081081080,Office Supplies,East,Corporate,5,0.02,521.3433227418917,56.79326492117921
2024-05-07 21:04:08.648648648,Office Supplies,North,Consumer,3,0.13,220.59816242864702,19.590582061441847
2024-05-08 05:50:16.216216216,Electronics,West,Home Office,4,0.21,1537.4836127018752,156.94452084789546
2024-05-08 14:36:23.783783784,Office Supplies,North,Consumer,2,0.14,195.35819979512536,33.040414983291605
2024-05-08 23:22:31.351351350,Electronics,East,Corporate,9,0.03,4288.821910389724,616.6571878840552
2024-05-09 08:08:38.918918918,Electronics,North,Consumer,3,0.17,1298.2875644304313,247.51328815671616
2024-05-09 16:54:46.486486486,Office Supplies,West,Consumer,2,0.19,171.06367965971242,25.994104058832118
2024-05-10 01:40:54.054054054,Electronics,North,Home Office,9,0.21,3617.3488485137373,490.2493227864158
2024-05-10 10:27:01.621621622,Office Supplies,South,Home Office,7,0.11,579.5171049372195,82.01870893261844
2024-05-10 19:13:09.189189188,Furniture,East,Corporate,6,0.17,1476.5456212512704,282.5454444434652
2024-05-11 03:59:16.756756756,Electronics,East,Consumer,1,0.14,333.6852669229246,56.135918996866614
2024-05-11 12:45:24.324324324,Furniture,East,Consumer,5,0.2,1168.172409480189,62.62126700119497
2024-05-11 21:31:31.891891892,Office Supplies,West,Home Office,3,0.18,238.64612477112485,31.052861523937793
2024-05-12 06:17:39.459459460,Furniture,East,Consumer,1,0.16,173.49169679966252,26.587734688722826
2024-05-12 15:03:47.027027026,Furniture,South,Consumer,4,0.07,1100.214927512064,178.57013270325234
2024-05-12 23:49:54.594594594,Office Supplies,West,Consumer,2,0.0,120.50639292559023,9.878067843135256
2024-05-13 08:36:02.162162162,Furniture,South,Home Office,2,0.05,559.701592603543,100.7891615835995
2024-05-13 17:22:09.729729730,Furniture,North,Corporate,3,0.04,909.8844770843294,175.9502501755335
2024-05-14 02:08:17.297297296,Office Supplies,North,Corporate,8,0.13,694.600809995435,59.39343697649631
2024-05-14 10:54:24.864864864,Furniture,North,Consumer,8,0.18,2034.3282949044724,371.045854557332
2024-05-14 19:40:32.432432432,Office Supplies,North,Corporate,7,0.06,689.4517025357844,44.50191106576955
2024-05-15 04:26:40.000000000,Furniture,South,Home Office,6,0.28,1349.9259139442788,78.77631094558642
2024-05-15 13:12:47.567567568,Office Supplies,West,Home Office,9,0.0,869.4021903648686,60.32222774673377
2024-05-15 21:58:55.135135134,Office Supplies,West,Corporate,4,0.23,276.4343348642959,16.21595927773728
2024-05-16 06:45:02.702702702,Furniture,East,Corporate,1,0.19,256.82453665541476,45.394208274123876
2024-05-16 15:31:10.270270270,Furniture,South,Consumer,8,0.11,2072.8919163346854,122.00528088262638
2024-05-17 00:17:17.837837838,Furniture,North,Corporate,7,0.02,2076.8457499904835,188.4729806882556
2024-05-17 09:03:25.405405404,Electronics,South,Consumer,7,0.19,2822.043207338123,185.0228930409468
2024-05-17 17:49:32.972972972,Electronics,East,Consumer,3,0.12,1373.1998735018663,129.5110191094522
2024-05-18 02:35:40.540540540,Electronics,East,Home Office,4,0.28,1467.1804901631765,93.28908711770407
2024-05-18 11:21:48.108108108,Office Supplies,South,Home Office,9,0.16,799.868257213605,120.14060225840586
2024-05-18 20:07:55.675675676,Furniture,South,Home Office,6,0.28,1265.8317567441982,88.60698556001486
2024-05-19 04:54:03.243243242,Office Supplies,South,Home Office,5,0.07,506.9284107504691,90.12015574598887
2024-05-19 13:40:10.810810810,Electronics,West,Corporate,3,0.22,1227.7884997745714,211.8900911188588
2024-05-19 22:26:18.378378378,Furniture,North,Home Office,9,0.19,2185.4514470647864,113.75111489540244
2024-05-20 07:12:25.945945946,Office Supplies,South,Corporate,5,0.22,360.4259752253405,66.44775554450331
2024-05-20 15:58:33.513513514,Furniture,South,Home Office,5,0.06,1381.1285119506235,75.05279876451029
2024-05-21 00:44:41.081081080,Office Supplies,South,Corporate,4,0.2,369.5605196806386,31.762569108260312
2024-05-21 09:30:48.648648648,Furniture,East,Consumer,4,0.15,1127.3738296969325,61.84589142911239
2024-05-21 18:16:56.216216216,Electronics,East,Corporate,1,0.22,350.73419719299113,35.20547923103394
2024-05-22 03:03:03.783783784,Electronics,West,Corporate,7,0.1,3107.6591979982977,394.9212651763565
2024-05-22 11:49:11.351351350,Furniture,North,Home Office,9,0.27,2007.8565672269792,340.3251231613073
2024-05-22 20:35:18.918918918,Office Supplies,West,Corporate,3,0.03,260.8434588253342,26.266214437821912
2024-05-23 05:21:26.486486486,Electronics,North,Consumer,2,0.24,800.7342153691308,124.77321097206308
2024-05-23 14:07:34.054054054,Electronics,East,Consumer,3,0.26,1128.6138469410657,88.17371134720057
2024-05-23 22:53:41.621621622,Electronics,East,Home Office,1,0.25,374.04090790008144,60.81522462935004
2024-05-24 07:39:49.189189188,Furniture,East,Consumer,6,0.15,1547.6508613808676,132.16859563180228
2024-05-24 16:25:56.756756756,Furniture,West,Corporate,7,0.13,1842.2079347661358,131.77628999735845
2024-05-25 01:12:04.324324324,Office Supplies,South,Consumer,2,0.3,132.81574008855299,10.33456905663732
2024-05-25 09:58:11.891891892,Office Supplies,South,Home Office,8,0.07,673.7455587344602,52.086911610740465
2024-05-25 18:44:19.459459458,Office Supplies,East,Corporate,6,0.16,511.1460291435614,64.87947510048043
2024-05-26 03:30:27.027027026,Furniture,South,Home Office,4,0.2,1022.9224146425665,180.77047797710503
2024-05-26 12:16:34.594594594,Furniture,South,Corporate,5,0.21,1120.649253471819,69.41386818922368
2024-05-26 21:02:42.162162162,Office Supplies,West,Consumer,8,0.06,713.3685991944423,111.31649575201905
2024-05-27 05:48:49.729729730,Office Supplies,North,Home Office,3,0.2,257.07307899064045,38.085882815969775
2024-05-27 14:34:57.297297296,Furniture,East,Home Office,3,0.25,676.5436745092912,122.37186186946056
2024-05-27 23:21:04.864864864,Office Supplies,East,Corporate,4,0.02,408.4472863833716,35.38057560409352
2024-05-28 08:07:12.432432432,Electronics,West,Home Office,1,0.27,337.0272716868935,39.60625822914299
2024-05-28 16:53:20.000000000,Furniture,West,Corporate,9,0.01,2719.4983314636925,513.6428165765682
2024-05-29 01:39:27.567567568,Office Supplies,South,Corporate,8,0.11,713.8760226276084,106.3668260028114
2024-05-29 10:25:35.135135134,Furniture,East,Corporate,8,0.0,2427.8794208937225,262.97639540671395
2024-05-29 19:11:42.702702702,Electronics,North,Corporate,6,0.02,2952.811096438844,205.8459461676182
2024-05-30 03:57:50.270270270,Furniture,West,Consumer,7,0.27,1540.0197987184397,137.63580629097345
2024-05-30 12:43:57.837837838,Furniture,North,Corporate,6,0.11,1627.0733462811252,223.20569909441122
2024-05-30 21:30:05.405405404,Furniture,North,Home Office,9,0.13,2356.459518158678,371.6730302577522
2024-05-31 06:16:12.972972972,Furniture,East,Consumer,3,0.06,798.3920388761795,54.82021853248467
2024-05-31 15:02:20.540540540,Electronics,East,Home Office,3,0.18,1273.4942730286386,178.2122651698969
2024-05-31 23:48:28.108108108,Furniture,West,Consumer,3,0.18,770.7250914499274,102.16168552938352
2024-06-01 08:34:35.675675676,Furniture,East,Corporate,3,0.11,716.7259843456876,91.09108273316818
2024-06-01 17:20:43.243243242,Office Supplies,East,Consumer,9,0.1,783.8319886049729,120.33268578749147
2024-06-02 02:06:50.810810810,Furniture,East,Consumer,4,0.27,917.6944184997122,161.16314380242616
2024-06-02 10:52:58.378378378,Office Supplies,North,Home Office,7,0.11,549.9228581408867,54.13905436544078
2024-06-02 19:39:05.945945946,Electronics,West,Home Office,9,0.15,3862.74267527603,708.2409326011331
2024-06-03 04:25:13.513513514,Electronics,South,Corporate,7,0.08,3214.35109857383,238.16747930693973
2024-06-03 13:11:21.081081080,Electronics,North,Consumer,9,0.24,3473.6113028133595,263.83321558429066
2024-06-03 21:57:28.648648648,Electronics,East,Consumer,3,0.12,1319.9541284369814,118.81673943165679
2024-06-04 06:43:36.216216216,Office Supplies,North,Consumer,4,0.15,311.1172802801749,21.13408187046043
2024-06-04 15:29:43.783783784,Furniture,East,Corporate,8,0.08,2220.3234264303655,187.72364683961908
2024-06-05 00:15:51.351351350,Electronics,East,Corporate,6,0.3,2098.7845804196004,138.43953409434354
2024-06-05 09:01:58.918918918,Furniture,North,Corporate,5,0.09,1332.5659546343727,230.88419183370465
2024-06-05 17:48:06.486486486,Office Supplies,West,Corporate,4,0.23,396.73373932045547,28.10674013613897
2024-06-06 02:34:14.054054054,Office Supplies,East,Corporate,8,0.13,657.1560727366274,106.52147285058776
2024-06-06 11:20:21.621621622,Office Supplies,West,Home Office,1,0.06,4.281784997608241,0.24486278200171638
2024-06-06 20:06:29.189189188,Electronics,South,Consumer,9,0.24,3483.26795872486,669.7559676905076
2024-06-07 04:52:36.756756756,Furniture,East,Consumer,1,0.1,246.65746110736293,38.64481429994147
2024-06-07 13:38:44.324324324,Furniture,West,Consumer,8,0.26,1764.1290695613723,90.00495181808553
2024-06-07 22:24:51.891891892,Furniture,West,Consumer,4,0.27,861.6837574148386,141.81459875348227
2024-06-08 07:10:59.459459458,Office Supplies,South,Consumer,9,0.26,643.213942633667,81.76039599558932
2024-06-08 15:57:07.027027026,Electronics,West,Consumer,5,0.01,2444.352301149462,407.9740721891321
2024-06-09 00:43:14.594594594,Office Supplies,West,Consumer,3,0.24,188.12730790012142,24.15075310145467
2024-06-09 09:29:22.162162162,Office Supplies,South,Consumer,9,0.12,794.5903904681826,116.13234831265228
2024-06-09 18:15:29.729729730,Furniture,East,Home Office,9,0.26,1981.9204976929745,332.8630487564906
2024-06-10 03:01:37.297297296,Office Supplies,West,Consumer,4,0.19,353.21448761335785,39.124229470062
2024-06-10 11:47:44.864864864,Furniture,West,Home Office,4,0.25,919.3077620646461,46.338831575848644
2024-06-10 20:33:52.432432432,Electronics,West,Corporate,8,0.15,3362.899512258984,596.8876741119952
2024-06-11 05:20:00.000000000,Furniture,North,Consumer,2,0.16,508.34085104289426,54.46036221574335
2024-06-11 14:06:07.567567568,Electronics,South,Corporate,9,0.04,4303.2864670351455,535.3564158425149
2024-06-11 22:52:15.135135134,Furniture,North,Corporate,6,0.24,1328.3335822946533,67.96418285394996
2024-06-12 07:38:22.702702702,Office Supplies,South,Corporate,9,0.13,810.5772628206053,100.36065236185098
2024-06-12 16:24:30.270270270,Office Supplies,East,Home Office,8,0.15,675.1469888276654,133.66094924452048
2024-06-13 01:10:37.837837838,Electronics,East,Corporate,7,0.24,2643.6979991931807,242.53324868167124
2024-06-13 09:56:45.405405404,Electronics,West,Corporate,1,0.18,375.7773105430689,41.07724764684444
2024-06-13 18:42:52.972972972,Electronics,South,Corporate,3,0.06,1368.8825295570664,209.54648357570636
2024-06-14 03:29:00.540540540,Furniture,East,Consumer,2,0.18,571.5507209565819,98.4319222634298
2024-06-14 12:15:08.108108108,Furniture,South,Consumer,5,0.12,1333.3647459851998,150.1485288071466
2024-06-14 21:01:15.675675676,Electronics,East,Home Office,5,0.14,2106.3548385118875,203.15862045153537
2024-06-15 05:47:23.243243242,Office Supplies,North,Home Office,5,0.01,506.51463593291254,96.57910584383495
2024-06-15 14:33:30.810810810,Furniture,East,Consumer,4,0.06,1170.4806470718215,177.41179416628347
2024-06-15 23:19:38.378378378,Furniture,North,Home Office,5,0.08,1386.7007045012017,94.0920742437537
2024-06-16 08:05:45.945945946,Furniture,East,Consumer,3,0.21,765.960853685325,46.217451141076275
2024-06-16 16:51:53.513513512,Electronics,West,Corporate,1,0.0,438.2874743172013,53.70445013726563
2024-06-17 01:38:01.081081080,Electronics,North,Corporate,5,0.12,2120.3471181047917,176.0174564952637
2024-06-17 10:24:08.648648648,Electronics,East,Home Office,9,0.28,3250.42069687415,286.3546297034052
2024-06-17 19:10:16.216216216,Electronics,West,Consumer,9,0.03,4376.059845734955,794.9280173893733
2024-06-18 03:56:23.783783784,Electronics,North,Consumer,4,0.15,1566.4199928698304,99.3657013191317
2024-06-18 12:42:31.351351350,Office Supplies,West,Home Office,3,0.24,203.05695635191938,31.941796805860285
2024-06-18 21:28:38.918918918,Office Supplies,South,Consumer,1,0.28,31.65350742466179,2.8700658708113855
2024-06-19 06:14:46.486486486,Electronics,South,Corporate,2,0.22,724.3221503718737,118.82449336597377
2024-06-19 15:00:54.054054054,Furniture,North,Home Office,8,0.22,1831.5583294156077,290.04870474261037
2024-06-19 23:47:01.621621622,Electronics,East,Home Office,1,0.25,398.8315120639744,20.38379408770701
2024-06-20 08:33:09.189189188,Office Supplies,North,Consumer,8,0.13,655.3037991484117,82.81094551269848
2024-06-20 17:19:16.756756756,Office Supplies,West,Home Office,7,0.24,492.6751146167263,34.92964202317837
2024-06-21 02:05:24.324324324,Furniture,East,Consumer,8,0.0,2335.247787645693,420.1906028959477
2024-06-21 10:51:31.891891892,Office Supplies,South,Consumer,6,0.28,482.756385700633,87.25236688078427
2024-06-21 19:37:39.459459458,Electronics,East,Consumer,9,0.13,3932.3852946188254,443.38379994902516
2024-06-22 04:23:47.027027026,Furniture,South,Consumer,3,0.17,647.305751883884,75.51426358450126
2024-06-22 13:09:54.594594594,Electronics,East,Consumer,4,0.08,1800.7103968310726,171.95423116663665
2024-06-22 21:56:02.162162162,Electronics,East,Home Office,6,0.22,2361.140715375797,371.85828217418333
2024-06-23 06:42:09.729729730,Furniture,East,Corporate,8,0.02,2403.2557019593137,249.4560299628413
2024-06-23 15:28:17.297297296,Electronics,West,Corporate,5,0.26,1883.6335503746664,169.84511095103625
2024-06-24 00:14:24.864864864,Office Supplies,West,Home Office,3,0.25,210.7726835896846,24.20400923087091
2024-06-24 09:00:32.432432432,Electronics,North,Home Office,6,0.06,2742.7449255682786,174.7762852999195
2024-06-24 17:46:40.000000000,Furniture,North,Corporate,4,0.24,946.8099597564524,153.37420050930518
2024-06-25 02:32:47.567567568,Furniture,South,Corporate,9,0.24,2040.12412594718,105.86093961756164
2024-06-25 11:18:55.135135134,Furniture,West,Corporate,3,0.19,731.7544805846028,107.32844874486084
2024-06-25 20:05:02.702702702,Electronics,South,Corporate,4,0.11,1772.90318247166,137.2753243403161
2024-06-26 04:51:10.270270270,Furniture,North,Corporate,7,0.08,1877.7788200169493,159.34945035099727
2024-06-26 13:37:17.837837838,Furniture,South,Consumer,7,0.07,1967.5700084889193,285.9760689684478
2024-06-26 22:23:25.405405404,Electronics,North,Home Office,4,0.1,1809.0583612445378,359.8968199148816
2024-06-27 07:09:32.972972972,Office Supplies,West,Consumer,6,0.27,420.96844628340807,70.15760076751617
2024-06-27 15:55:40.540540540,Electronics,East,Corporate,3,0.02,1488.8442319944995,124.87821666845842
2024-06-28 00:41:48.108108108,Furniture,West,Corporate,6,0.25,1295.0400181030677,98.94586619841208
2024-06-28 09:27:55.675675676,Furniture,South,Corporate,2,0.1,529.2398889646756,95.22874265993592
2024-06-28 18:14:03.243243242,Electronics,South,Consumer,8,0.16,3361.0450989174315,391.99059712277676
2024-06-29 03:00:10.810810810,Office Supplies,West,Consumer,2,0.24,82.60289471459751,5.828288472083068
2024-06-29 11:46:18.378378378,Furniture,West,Corporate,7,0.27,1530.7161355665578,274.50594747063275
2024-06-29 20:32:25.945945946,Furniture,North,Consumer,9,0.1,2459.345805867252,424.02528609436655
2024-06-30 05:18:33.513513512,Furniture,South,Consumer,1,0.14,245.8707630382853,48.58060941935734
2024-06-30 14:04:41.081081080,Electronics,South,Corporate,8,0.12,3518.6354038994264,656.090221876157
2024-06-30 22:50:48.648648648,Furniture,West,Consumer,7,0.0,2122.4937615693666,377.31264007427706
2024-07-01 07:36:56.216216216,Office Supplies,East,Home Office,6,0.09,530.4879956453491,30.7079128198205
2024-07-01 16:23:03.783783784,Furniture,South,Home Office,6,0.14,1536.0881040182285,100.86308624532046
2024-07-02 01:09:11.351351350,Furniture,East,Home Office,6,0.12,1536.9318594187014,208.01985279090928
2024-07-02 09:55:18.918918918,Office Supplies,West,Home Office,9,0.22,701.4025289071694,90.98725955592032
2024-07-02 18:41:26.486486486,Furniture,West,Corporate,2,0.12,514.6060606558087,61.0808998928501
2024-07-03 03:27:34.054054054,Electronics,North,Corporate,1,0.15,444.9635918021329,48.73170010388946
2024-07-03 12:13:41.621621622,Electronics,South,Corporate,6,0.13,2632.5383981673294,301.9036437730212
2024-07-03 20:59:49.189189188,Electronics,East,Home Office,8,0.22,3151.6483615605152,426.7164532813829
2024-07-04 05:45:56.756756756,Office Supplies,North,Home Office,3,0.26,201.66958596419477,10.1462948649081
2024-07-04 14:32:04.324324324,Furniture,South,Consumer,1,0.16,164.93675657503536,14.696906771170687
2024-07-04 23:18:11.891891892,Electronics,North,Consumer,9,0.24,3449.665589858591,440.66703725013485
2024-07-05 08:04:19.459459458,Office Supplies,West,Home Office,1,0.09,108.24483856389637,17.1386666795712
2024-07-05 16:50:27.027027026,Furniture,South,Home Office,3,0.16,730.5883358125564,55.61494400079361
2024-07-06 01:36:34.594594594,Office Supplies,North,Home Office,8,0.1,742.1976079826935,97.99396525450476
2024-07-06 10:22:42.162162162,Electronics,North,Home Office,3,0.12,1262.0564078993502,198.3560837300368
2024-07-06 19:08:49.729729730,Electronics,East,Consumer,4,0.22,1601.209608514811,186.85179213521766
2024-07-07 03:54:57.297297296,Electronics,North,Home Office,8,0.26,2946.655017928238,159.3025646594181
2024-07-07 12:41:04.864864864,Office Supplies,South,Consumer,1,0.04,62.842895479804184,7.377141562719227
2024-07-07 21:27:12.432432432,Office Supplies,South,Home Office,6,0.19,461.13193775044454,43.56162771577338
2024-07-08 06:13:20.000000000,Electronics,East,Home Office,1,0.17,405.7406005599915,76.8665185488642
2024-07-08 14:59:27.567567566,Office Supplies,South,Home Office,1,0.04,95.51951706802147,6.5614274164318145
2024-07-08 23:45:35.135135134,Electronics,West,Consumer,8,0.06,3761.9312112159764,556.2820097993924
2024-07-09 08:31:42.702702702,Electronics,South,Consumer,4,0.09,1802.8157022416751,104.39738849703636
2024-07-09 17:17:50.270270270,Furniture,South,Corporate,1,0.05,293.0095829384592,34.26031123236815
2024-07-10 02:03:57.837837838,Office Supplies,North,Home Office,7,0.07,651.3311709733374,86.6901747646065
2024-07-10 10:50:05.405405404,Electronics,North,Corporate,5,0.08,2274.097080177024,215.34161990865564
2024-07-10 19:36:12.972972972,Electronics,South,Corporate,5,0.1,2218.0723750231496,262.31222310523776
2024-07-11 04:22:20.540540540,Office Supplies,East,Consumer,1,0.22,102.3346217157935,7.627313439804077
2024-07-11 13:08:28.108108108,Furniture,North,Consumer,6,0.17,1514.9730414399162,144.85956705244672
2024-07-11 21:54:35.675675676,Furniture,East,Corporate,9,0.3,1892.2854542064504,270.91084233180294
2024-07-12 06:40:43.243243242,Electronics,South,Home Office,9,0.12,3996.967818639608,380.79115757308136
2024-07-12 15:26:50.810810810,Office Supplies,South,Consumer,8,0.23,537.5468937532946,99.42545923387213
2024-07-13 00:12:58.378378378,Furniture,West,Home Office,5,0.26,1087.4242143397319,156.87295204674277
2024-07-13 08:59:05.945945946,Office Supplies,North,Home Office,1,0.2,33.74731550661423,3.907849798604583
2024-07-13 17:45:13.513513512,Office Supplies,South,Corporate,9,0.12,882.2508906055141,49.24154566674841
2024-07-14 02:31:21.081081080,Electronics,West,Corporate,1,0.23,413.52879281583944,51.66308264234448
2024-07-14 11:17:28.648648648,Furniture,North,Corporate,8,0.06,2252.837520653669,371.0793680072709
2024-07-14 20:03:36.216216216,Electronics,South,Corporate,5,0.1,2281.3996231538463,204.9464317623665
2024-07-15 04:49:43.783783784,Furniture,South,Consumer,3,0.16,800.6510265502046,136.92416433743904
2024-07-15 13:35:51.351351350,Furniture,North,Consumer,7,0.17,1787.2252676609628,156.86657561116738
2024-07-15 22:21:58.918918918,Furniture,North,Corporate,7,0.01,2115.868139404014,367.23421755233636
2024-07-16 07:08:06.486486486,Furniture,North,Consumer,9,0.28,1933.4983870687176,121.40484949956628
2024-07-16 15:54:14.054054054,Furniture,South,Corporate,7,0.21,1638.9453832206418,294.8914377618064
2024-07-17 00:40:21.621621620,Office Supplies,South,Home Office,3,0.15,216.5124328007726,27.037632576952465
2024-07-17 09:26:29.189189188,Electronics,West,Home Office,1,0.28,380.0978906691603,35.91189138127481
2024-07-17 18:12:36.756756756,Office Supplies,East,Home Office,8,0.13,689.6425705868487,61.907136056283164
2024-07-18 02:58:44.324324324,Furniture,North,Corporate,3,0.29,622.2611587793122,71.43656658970148
2024-07-18 11:44:51.891891892,Electronics,South,Home Office,8,0.15,3381.173545530888,675.7526373261379
2024-07-18 20:30:59.459459458,Furniture,South,Consumer,8,0.03,2386.0077052253873,198.155814023414
2024-07-19 05:17:07.027027026,Electronics,North,Home Office,5,0.23,1963.1072165136668,128.54916306749158
2024-07-19 14:03:14.594594594,Office Supplies,East,Home Office,1,0.2,153.21575424512662,21.106278407529537
2024-07-19 22:49:22.162162162,Electronics,North,Home Office,7,0.23,2716.1606519956845,334.85200622587655
2024-07-20 07:35:29.729729730,Electronics,East,Consumer,5,0.29,1777.2781776101958,228.61029788232807
2024-07-20 16:21:37.297297296,Electronics,South,Corporate,8,0.23,3078.983901970203,461.9717072453773
2024-07-21 01:07:44.864864864,Electronics,East,Consumer,9,0.18,3649.1879381095414,328.688234531897
2024-07-21 09:53:52.432432432,Electronics,West,Corporate,7,0.26,2539.543240329944,473.8781320013353
2024-07-21 18:40:00.000000000,Furniture,South,Corporate,7,0.2,1700.293640875715,196.13024857402291
2024-07-22 03:26:07.567567566,Electronics,West,Home Office,1,0.12,402.6128515806698,27.926406747934298
2024-07-22 12:12:15.135135134,Electronics,North,Corporate,4,0.27,1468.4583101546893,236.9281321992527
2024-07-22 20:58:22.702702702,Office Supplies,North,Consumer,2,0.07,230.61866732380847,33.77771367882081
2024-07-23 05:44:30.270270270,Electronics,North,Consumer,2,0.21,763.3818426787641,74.32400919422724
2024-07-23 14:30:37.837837838,Office Supplies,East,Corporate,2,0.26,228.41926538366312,32.71599082409051
2024-07-23 23:16:45.405405404,Furniture,South,Home Office,4,0.22,896.372195162236,74.38033142758034
2024-07-24 08:02:52.972972972,Electronics,North,Home Office,1,0.21,434.60779025959386,50.72998716050184
2024-07-24 16:49:00.540540540,Office Supplies,North,Consumer,4,0.23,324.9902472452945,60.09455705546567
2024-07-25 01:35:08.108108108,Office Supplies,South,Home Office,2,0.14,219.76380999784607,15.390089276574358
2024-07-25 10:21:15.675675676,Furniture,North,Corporate,5,0.26,1065.3520955456124,115.0627857774094
2024-07-25 19:07:23.243243242,Electronics,West,Corporate,3,0.06,1502.2808366781444,260.1520211600278
2024-07-26 03:53:30.810810810,Electronics,South,Consumer,8,0.04,3832.8489966486836,749.0292829897842
2024-07-26 12:39:38.378378378,Office Supplies,South,Corporate,4,0.09,391.0659175719713,46.180552036051985
2024-07-26 21:25:45.945945946,Electronics,South,Consumer,1,0.16,477.77949955786005,60.22407869611006
2024-07-27 06:11:53.513513512,Office Supplies,West,Corporate,1,0.15,60.81351730019137,8.260044289502826
2024-07-27 14:58:01.081081080,Electronics,South,Consumer,3,0.25,1158.029054517887,219.85438826653365
2024-07-27 23:44:08.648648648,Office Supplies,West,Home Office,9,0.12,761.1412141911403,136.03954454625782
2024-07-28 08:30:16.216216216,Electronics,South,Corporate,7,0.15,3030.8784632183138,229.1046143234005
2024-07-28 17:16:23.783783784,Furniture,East,Corporate,2,0.0,569.5927707508506,65.79575287973415
2024-07-29 02:02:31.351351352,Electronics,North,Consumer,9,0.12,3961.54027929983,473.8004718518683
2024-07-29 10:48:38.918918920,Electronics,East,Consumer,2,0.19,822.2448280404784,138.43677089653025
2024-07-29 19:34:46.486486484,Furniture,North,Corporate,3,0.0,931.3719907889047,130.7962311851481
2024-07-30 04:20:54.054054052,Electronics,West,Consumer,2,0.08,998.7390523370618,147.9462812568088
2024-07-30 13:07:01.621621620,Furniture,East,Corporate,3,0.06,827.9212404154205,165.3606978813325
2024-07-30 21:53:09.189189188,Electronics,South,Home Office,6,0.01,3015.5493909709444,184.68432656352024
2024-07-31 06:39:16.756756756,Office Supplies,North,Consumer,9,0.14,852.8103379453655,71.16827934320916
2024-07-31 15:25:24.324324324,Office Supplies,North,Corporate,9,0.05,861.6293344345967,95.79973247713312
2024-08-01 00:11:31.891891892,Electronics,East,Home Office,7,0.22,2707.9946899951883,276.66866960928235
2024-08-01 08:57:39.459459460,Electronics,West,Home Office,3,0.25,1055.7986504225883,56.2179356897971
2024-08-01 17:43:47.027027028,Electronics,East,Corporate,4,0.16,1755.3310306964424,111.93156361910738
2024-08-02 02:29:54.594594592,Office Supplies,West,Consumer,6,0.29,416.2222268030255,63.32529563467818
2024-08-02 11:16:02.162162160,Electronics,West,Corporate,5,0.14,2109.945660030778,383.7963082861481
2024-08-02 20:02:09.729729728,Office Supplies,North,Home Office,2,0.15,115.66679663160949,14.705188501767806
2024-08-03 04:48:17.297297296,Furniture,East,Corporate,6,0.3,1219.8714323843983,159.65514079349774
2024-08-03 13:34:24.864864864,Office Supplies,East,Consumer,3,0.07,315.7882117290866,27.872735433149973
2024-08-03 22:20:32.432432432,Office Supplies,West,Home Office,8,0.28,618.3147411069896,102.13412830270272
2024-08-04 07:06:40.000000000,Furniture,East,Corporate,2,0.01,620.0848748582215,100.9307116369181
2024-08-04 15:52:47.567567568,Office Supplies,South,Consumer,1,0.13,92.29351309413458,12.760026120999127
2024-08-05 00:38:55.135135136,Electronics,South,Home Office,9,0.02,4360.179176419947,357.09711786324175
2024-08-05 09:25:02.702702704,Electronics,East,Consumer,3,0.22,1140.8023621639181,73.64190998886683
2024-08-05 18:11:10.270270268,Office Supplies,East,Home Office,1,0.18,37.73522357274898,2.250369731931995
2024-08-06 02:57:17.837837836,Electronics,West,Corporate,7,0.21,2787.912840221051,387.2533881923811
2024-08-06 11:43:25.405405404,Office Supplies,South,Consumer,5,0.11,402.46750084553184,69.93086049298138
2024-08-06 20:29:32.972972972,Electronics,South,Home Office,5,0.11,2196.4301555578563,392.6109343473857
2024-08-07 05:15:40.540540540,Electronics,North,Consumer,1,0.01,487.6605102800597,58.296552116716974
2024-08-07 14:01:48.108108108,Office Supplies,West,Consumer,9,0.1,743.2079938761461,124.59190454566486
2024-08-07 22:47:55.675675676,Electronics,North,Corporate,7,0.28,2521.870857233634,484.2799787282951
2024-08-08 07:34:03.243243244,Office Supplies,South,Consumer,8,0.11,707.7138847585785,64.59695062968677
2024-08-08 16:20:10.810810812,Electronics,West,Home Office,9,0.25,3422.3683658384675,375.4134533386668
2024-08-09 01:06:18.378378376,Electronics,East,Home Office,6,0.25,2217.20537819865,420.6523037195957
2024-08-09 09:52:25.945945944,Furniture,West,Home Office,5,0.11,1283.0321792675065,129.24579122730324
2024-08-09 18:38:33.513513512,Furniture,East,Home Office,6,0.19,1443.0376140163487,269.96555992462896
2024-08-10 03:24:41.081081080,Office Supplies,East,Corporate,2,0.03,150.07634826255935,29.58856197446234
2024-08-10 12:10:48.648648648,Furniture,West,Consumer,4,0.03,1165.566183672525,173.9859399663301
2024-08-10 20:56:56.216216216,Office Supplies,East,Corporate,3,0.01,222.60260552693575,38.4064163073389
2024-08-11 05:43:03.783783784,Furniture,North,Consumer,7,0.17,1718.7861838649087,279.1855931873098
2024-08-11 14:29:11.351351352,Electronics,South,Consumer,9,0.13,3877.8651332071113,600.7981827240297
2024-08-11 23:15:18.918918920,Office Supplies,East,Consumer,5,0.16,442.71028308344273,42.51774548516608
2024-08-12 08:01:26.486486484,Office Supplies,North,Corporate,6,0.16,471.5774116149854,27.617530594024185
2024-08-12 16:47:34.054054052,Electronics,East,Consumer,2,0.11,820.5561696560601,83.25179082733298
2024-08-13 01:33:41.621621620,Office Supplies,South,Corporate,3,0.2,231.92719612261806,34.798448762373596
2024-08-13 10:19:49.189189188,Office Supplies,North,Home Office,3,0.23,243.79544561098035,15.939195016061525
2024-08-13 19:05:56.756756756,Furniture,South,Home Office,9,0.0,2689.151792269571,139.26497940640525
2024-08-14 03:52:04.324324324,Office Supplies,South,Consumer,7,0.06,633.5470888312357,44.95260884073979
2024-08-14 12:38:11.891891892,Electronics,North,Corporate,8,0.21,3133.1375159766294,493.0317381843241
2024-08-14 21:24:19.459459460,Furniture,North,Home Office,9,0.12,2380.5179212976814,466.3888221426854
2024-08-15 06:10:27.027027028,Furniture,North,Corporate,6,0.2,1404.4220500304182,277.31676361335843
2024-08-15 14:56:34.594594592,Electronics,West,Corporate,4,0.1,1786.8606811435786,221.7438218926832
2024-08-15 23:42:42.162162160,Electronics,North,Consumer,1,0.12,470.01786283549495,84.79255972630622
2024-08-16 08:28:49.729729728,Furniture,North,Home Office,8,0.05,2227.947076843774,357.6389060770971
2024-08-16 17:14:57.297297296,Office Supplies,North,Consumer,7,0.08,642.2533192103891,80.3818792497177
2024-08-17 02:01:04.864864864,Furniture,North,Consumer,2,0.18,420.44042348811985,57.14377332934369
2024-08-17 10:47:12.432432432,Electronics,East,Home Office,8,0.13,3489.117186800398,246.27609870349536
2024-08-17 19:33:20.000000000,Furniture,West,Home Office,5,0.23,1115.8476315680375,212.73547958464954
2024-08-18 04:19:27.567567568,Electronics,South,Corporate,7,0.26,2630.783672521232,270.4168478333564
2024-08-18 13:05:35.135135136,Furniture,North,Home Office,4,0.16,948.9221076141861,110.95023929288521
2024-08-18 21:51:42.702702700,Office Supplies,East,Corporate,5,0.23,402.6831614720403,60.704097861593226
2024-08-19 06:37:50.270270268,Furniture,East,Corporate,8,0.09,2232.8452431410597,223.47514394021937
2024-08-19 15:23:57.837837836,Furniture,East,Corporate,1,0.12,222.77242394318125,19.634910637648606
2024-08-20 00:10:05.405405404,Electronics,South,Home Office,1,0.21,360.5246028402024,52.152554924204665
2024-08-20 08:56:12.972972972,Electronics,North,Consumer,4,0.12,1722.232174224936,92.56586726363945
2024-08-20 17:42:20.540540540,Electronics,West,Corporate,3,0.18,1210.565492463828,191.40101714893504
2024-08-21 02:28:28.108108108,Furniture,West,Consumer,2,0.06,584.6968719675787,74.31702207113328
2024-08-21 11:14:35.675675676,Office Supplies,East,Consumer,3,0.18,223.29980264451507,31.454693403701267
2024-08-21 20:00:43.243243244,Electronics,South,Home Office,1,0.26,325.1616709917457,47.077564816674425
2024-08-22 04:46:50.810810812,Electronics,South,Consumer,1,0.26,289.2498517366684,37.32986953032271
2024-08-22 13:32:58.378378376,Furniture,South,Consumer,6,0.22,1468.0779002604959,201.6846397354264
2024-08-22 22:19:05.945945944,Electronics,West,Home Office,5,0.22,2017.2198252165858,307.7636585234648
2024-08-23 07:05:13.513513512,Office Supplies,East,Corporate,8,0.17,686.4094815795382,111.86266169803385
2024-08-23 15:51:21.081081080,Office Supplies,North,Consumer,2,0.18,131.5846522230006,20.937468098576183
2024-08-24 00:37:28.648648648,Electronics,West,Home Office,4,0.04,1949.908084605266,351.8462284459529
2024-08-24 09:23:36.216216216,Electronics,East,Consumer,8,0.13,3517.9482766997226,275.8652437214877
2024-08-24 18:09:43.783783784,Furniture,East,Consumer,6,0.14,1537.8300747434907,169.42611552319013
2024-08-25 02:55:51.351351352,Office Supplies,North,Corporate,1,0.29,72.65474175995561,13.962018850605114
2024-08-25 11:41:58.918918920,Office Supplies,North,Consumer,4,0.13,397.2707291795797,43.49661045980982
2024-08-25 20:28:06.486486484,Electronics,North,Home Office,1,0.16,354.3815457177437,24.35682491605935
2024-08-26 05:14:14.054054052,Furniture,South,Consumer,2,0.16,543.936912924887,70.06819563797502
2024-08-26 14:00:21.621621620,Office Supplies,North,Corporate,5,0.19,392.63384754573946,26.08017165112449
2024-08-26 22:46:29.189189188,Office Supplies,East,Corporate,8,0.22,579.496867919558,46.607765869498344
2024-08-27 07:32:36.756756756,Furniture,North,Home Office,8,0.07,2190.7877410682263,437.60506108953035
2024-08-27 16:18:44.324324324,Furniture,East,Corporate,3,0.16,721.4111146192365,94.65230938774647
2024-08-28 01:04:51.891891892,Office Supplies,West,Consumer,4,0.25,251.5971711959519,23.300101630355265
2024-08-28 09:50:59.459459460,Office Supplies,South,Corporate,6,0.14,586.8555589755606,116.91115975198169
2024-08-28 18:37:07.027027028,Furniture,West,Home Office,3,0.08,847.6481175400401,165.27768304772263
2024-08-29 03:23:14.594594592,Office Supplies,West,Corporate,2,0.2,202.57931014434274,23.521657141696526
2024-08-29 12:09:22.162162160,Electronics,East,Corporate,6,0.25,2272.494731664667,202.38944050767682
2024-08-29 20:55:29.729729728,Electronics,West,Corporate,5,0.02,2452.449104338807,431.0423214445161
2024-08-30 05:41:37.297297296,Furniture,East,Home Office,5,0.23,1157.9902129346253,182.2017786107194
2024-08-30 14:27:44.864864864,Furniture,North,Corporate,5,0.25,1109.0994944436054,169.737934463394
2024-08-30 23:13:52.432432432,Furniture,North,Corporate,5,0.14,1277.3687049423932,234.99376671502105
2024-08-31 08:00:00.000000000,Electronics,East,Consumer,3,0.29,1008.6758650474843,154.74355683530658
2024-08-31 16:46:07.567567568,Office Supplies,North,Home Office,7,0.24,575.2730460416105,53.252848375158855
2024-09-01 01:32:15.135135136,Electronics,South,Corporate,6,0.23,2237.470668559878,344.7483043316688
2024-09-01 10:18:22.702702700,Office Supplies,West,Home Office,4,0.22,269.65557637883205,25.852426616386232
2024-09-01 19:04:30.270270268,Electronics,South,Corporate,2,0.05,1030.4813652384244,168.88131130679653
2024-09-02 03:50:37.837837836,Office Supplies,West,Corporate,9,0.07,842.4469153225931,120.43804601026193
2024-09-02 12:36:45.405405404,Electronics,North,Corporate,1,0.14,437.10841780120796,26.931007041198942
2024-09-02 21:22:52.972972972,Furniture,South,Consumer,4,0.08,1129.4935419107092,143.36131158562512
2024-09-03 06:09:00.540540540,Electronics,North,Consumer,1,0.12,378.38650027514416,38.404392855013434
2024-09-03 14:55:08.108108108,Office Supplies,West,Consumer,6,0.27,382.24826534119904,37.95174642765691
2024-09-03 23:41:15.675675676,Electronics,East,Home Office,4,0.25,1482.2042261380461,208.01023679717886
2024-09-04 08:27:23.243243244,Electronics,East,Home Office,5,0.19,1988.8655616980927,195.60238954504794
2024-09-04 17:13:30.810810812,Electronics,South,Consumer,5,0.26,1847.001761399624,307.5887062731946
2024-09-05 01:59:38.378378376,Furniture,North,Home Office,9,0.24,2071.4219718120853,125.56693898605567
2024-09-05 10:45:45.945945944,Electronics,North,Corporate,1,0.13,490.56652191482385,73.12298130942554
2024-09-05 19:31:53.513513512,Furniture,South,Corporate,2,0.06,596.4435335915837,102.21802788812538
2024-09-06 04:18:01.081081080,Furniture,East,Corporate,6,0.15,1490.2289315324417,224.91243413231555
2024-09-06 13:04:08.648648648,Electronics,West,Consumer,5,0.22,1935.0014368820882,241.07095286761682
2024-09-06 21:50:16.216216216,Electronics,South,Home Office,7,0.13,3019.1221931500154,581.320058979054
2024-09-07 06:36:23.783783784,Electronics,West,Consumer,3,0.2,1159.337564839506,110.12637199659423
2024-09-07 15:22:31.351351352,Office Supplies,East,Home Office,3,0.03,241.2329954928867,12.755238813382505
2024-09-08 00:08:38.918918920,Electronics,North,Corporate,2,0.22,846.5724955089817,97.18517281042332
2024-09-08 08:54:46.486486484,Furniture,East,Consumer,3,0.24,684.425689729306,37.61041703614747
2024-09-08 17:40:54.054054052,Electronics,South,Home Office,1,0.21,386.03079173581006,74.53888356333907
2024-09-09 02:27:01.621621620,Office Supplies,North,Home Office,5,0.29,374.37030266377207,30.50657748138145
2024-09-09 11:13:09.189189188,Electronics,South,Corporate,5,0.25,1896.3498441496629,319.2297380441204
2024-09-09 19:59:16.756756756,Office Supplies,South,Consumer,7,0.27,555.7530261482568,92.35826818652974
2024-09-10 04:45:24.324324324,Office Supplies,East,Consumer,4,0.28,258.2535354653294,21.347065490680514
2024-09-10 13:31:31.891891892,Electronics,South,Consumer,3,0.24,1156.1088886749128,165.53627149906538
2024-09-10 22:17:39.459459460,Furniture,East,Corporate,1,0.2,203.55304094596684,11.64564508344268
2024-09-11 07:03:47.027027028,Office Supplies,North,Consumer,8,0.0,792.3936822504509,97.09690110381612
2024-09-11 15:49:54.594594592,Electronics,East,Corporate,3,0.14,1292.269702686482,67.45269095516824
2024-09-12 00:36:02.162162160,Electronics,North,Corporate,2,0.17,836.1793598287625,157.34519299740793
2024-09-12 09:22:09.729729728,Furniture,East,Corporate,4,0.09,1096.4128442338877,215.34963031313438
2024-09-12 18:08:17.297297296,Office Supplies,West,Home Office,3,0.1,302.0732393017968,25.17551326901226
2024-09-13 02:54:24.864864864,Office Supplies,West,Consumer,1,0.29,47.120464360969116,3.8269311660236047
2024-09-13 11:40:32.432432432,Electronics,South,Consumer,3,0.27,1102.266970916139,179.73347693643439
2024-09-13 20:26:40.000000000,Electronics,East,Corporate,2,0.25,719.643806419184,63.33362757722123
2024-09-14 05:12:47.567567568,Furniture,East,Corporate,8,0.12,2228.830102635435,410.6875420152619
2024-09-14 13:58:55.135135136,Furniture,North,Consumer,6,0.0,1763.4854272894547,239.9916215419285
2024-09-14 22:45:02.702702700,Office Supplies,South,Corporate,9,0.02,853.9738938262178,87.6319345796941
2024-09-15 07:31:10.270270268,Office Supplies,East,Consumer,8,0.09,763.3059230805247,133.5053064591199
2024-09-15 16:17:17.837837836,Electronics,South,Home Office,3,0.0,1482.8213942599536,183.88617142962678
2024-09-16 01:03:25.405405404,Office Supplies,West,Corporate,5,0.01,530.3218451080412,99.03491958426686
2024-09-16 09:49:32.972972972,Furniture,East,Consumer,7,0.27,1539.1209037490355,291.20496179648626
2024-09-16 18:35:40.540540540,Furniture,East,Corporate,5,0.21,1168.8724293378484,87.44687972885797
2024-09-17 03:21:48.108108108,Electronics,South,Consumer,8,0.09,3609.889786035009,181.75257531142037
2024-09-17 12:07:55.675675676,Furniture,East,Consumer,5,0.04,1408.446537534525,278.29444574922474
2024-09-17 20:54:03.243243244,Furniture,South,Corporate,1,0.15,239.30715989949033,44.492138032322856
2024-09-18 05:40:10.810810808,Furniture,East,Home Office,5,0.0,1493.024147266208,87.06836872681568
2024-09-18 14:26:18.378378376,Furniture,North,Consumer,4,0.28,830.724750263045,145.339564644103
2024-09-18 23:12:25.945945944,Electronics,South,Consumer,6,0.12,2635.630702792538,312.7722455610638
2024-09-19 07:58:33.513513512,Electronics,East,Consumer,3,0.12,1276.2353882932798,113.38616409597904
2024-09-19 16:44:41.081081080,Office Supplies,West,Home Office,5,0.12,470.2360486638541,85.49454639383333
2024-09-20 01:30:48.648648648,Furniture,East,Home Office,2,0.02,625.8944959783986,49.758665542779625
2024-09-20 10:16:56.216216216,Office Supplies,West,Corporate,6,0.19,457.8269923916588,87.94627606364935
2024-09-20 19:03:03.783783784,Electronics,West,Home Office,6,0.22,2309.5930777953913,186.71494858522783
2024-09-21 03:49:11.351351352,Electronics,North,Corporate,5,0.2,2007.1166722803948,285.11589725230084
2024-09-21 12:35:18.918918920,Electronics,South,Corporate,6,0.04,2930.6146437212624,244.59774400377026
2024-09-21 21:21:26.486486484,Electronics,East,Home Office,7,0.17,2964.466546570127,390.8658027501714
2024-09-22 06:07:34.054054052,Electronics,North,Corporate,5,0.17,2018.8902910705492,308.075126921437
2024-09-22 14:53:41.621621620,Electronics,East,Home Office,1,0.26,410.25219318606094,32.2188235329342
2024-09-22 23:39:49.189189188,Electronics,West,Corporate,8,0.11,3557.537866482592,455.837527734643
2024-09-23 08:25:56.756756756,Furniture,South,Home Office,4,0.11,1066.3124119815786,128.34025470969252
2024-09-23 17:12:04.324324324,Office Supplies,East,Home Office,9,0.19,749.1884946260225,45.44248755179367
2024-09-24 01:58:11.891891892,Electronics,East,Corporate,6,0.19,2410.7617011833554,416.4498570537507
2024-09-24 10:44:19.459459460,Furniture,West,Consumer,1,0.14,301.8680252843322,30.29316877493041
2024-09-24 19:30:27.027027028,Furniture,East,Corporate,3,0.13,839.9584908707923,114.39170387407466
2024-09-25 04:16:34.594594592,Office Supplies,East,Home Office,3,0.15,313.45137110140945,39.876542194247634
2024-09-25 13:02:42.162162160,Electronics,West,Consumer,4,0.26,1406.243408469389,178.577550630448
2024-09-25 21:48:49.729729728,Office Supplies,North,Corporate,6,0.14,506.8137092508628,33.49195236107741
2024-09-26 06:34:57.297297296,Electronics,West,Corporate,7,0.28,2442.59077660769,277.2885263081414
2024-09-26 15:21:04.864864864,Furniture,North,Corporate,4,0.15,989.3887975222664,116.60443046567829
2024-09-27 00:07:12.432432432,Furniture,South,Consumer,6,0.28,1200.1000451548136,192.07172313507274
2024-09-27 08:53:20.000000000,Furniture,North,Home Office,1,0.25,243.01066538557947,42.77056356149891
2024-09-27 17:39:27.567567568,Furniture,North,Corporate,8,0.11,2144.7723854232067,282.5680603632527
2024-09-28 02:25:35.135135136,Office Supplies,South,Corporate,7,0.26,500.6959557377294,31.55257890598355
2024-09-28 11:11:42.702702700,Electronics,North,Corporate,9,0.03,4333.354075577988,370.62059658510435
2024-09-28 19:57:50.270270268,Electronics,West,Corporate,3,0.28,1092.5612649741468,81.6581426010323
2024-09-29 04:43:57.837837836,Office Supplies,North,Corporate,2,0.19,121.54311714515615,8.34907134074483
2024-09-29 13:30:05.405405404,Electronics,South,Home Office,1,0.02,446.8215154093069,46.86482763480704
2024-09-29 22:16:12.972972972,Furniture,West,Home Office,3,0.19,680.9033519226116,57.47438827505841
2024-09-30 07:02:20.540540540,Electronics,South,Corporate,5,0.29,1766.846362770454,146.19852700136906
2024-09-30 15:48:28.108108108,Furniture,South,Consumer,2,0.02,564.7076972186895,32.86823336121606
2024-10-01 00:34:35.675675676,Office Supplies,East,Home Office,3,0.17,233.6304792614532,12.300763118191945
2024-10-01 09:20:43.243243244,Electronics,East,Consumer,4,0.22,1580.8723496007492,103.41313846335252
2024-10-01 18:06:50.810810808,Office Supplies,South,Home Office,7,0.24,570.53186419438,43.263215551489814
2024-10-02 02:52:58.378378376,Electronics,South,Corporate,3,0.12,1378.0192313958355,157.98654158551858
2024-10-02 11:39:05.945945944,Furniture,South,Home Office,9,0.06,2540.405479118732,321.5595443066434
2024-10-02 20:25:13.513513512,Office Supplies,East,Corporate,8,0.01,805.9035641025108,57.29070739611412
2024-10-03 05:11:21.081081080,Electronics,East,Home Office,4,0.17,1667.5538542852366,189.63005747348467
2024-10-03 13:57:28.648648648,Furniture,North,Corporate,1,0.14,191.03257204744386,19.34440265393593
2024-10-03 22:43:36.216216216,Office Supplies,North,Corporate,1,0.28,57.212117761156534,4.434714151855646
2024-10-04 07:29:43.783783784,Office Supplies,South,Corporate,1,0.02,83.39607109037345,4.255377282352513
2024-10-04 16:15:51.351351352,Electronics,West,Corporate,1,0.21,374.56748696921557,44.967830643376786
2024-10-05 01:01:58.918918920,Electronics,West,Consumer,8,0.01,3958.3624268552467,605.0268396726034
2024-10-05 09:48:06.486486484,Electronics,East,Corporate,3,0.05,1416.220777871427,118.87983821994364
2024-10-05 18:34:14.054054052,Furniture,East,Consumer,6,0.14,1508.5469294429977,105.25286475018757
2024-10-06 03:20:21.621621620,Electronics,East,Consumer,3,0.14,1283.958961846118,235.03692028329377
2024-10-06 12:06:29.189189188,Office Supplies,South,Corporate,5,0.21,369.4379841165988,33.712588835332674
2024-10-06 20:52:36.756756756,Office Supplies,West,Consumer,7,0.27,406.23029092332433,33.937247485041354
2024-10-07 05:38:44.324324324,Electronics,North,Home Office,2,0.19,754.1172431875815,134.6585993458505
2024-10-07 14:24:51.891891892,Electronics,South,Corporate,6,0.29,2133.5565730325234,368.1794619964434
2024-10-07 23:10:59.459459460,Office Supplies,North,Consumer,6,0.26,487.6756525661644,57.18093126663382
2024-10-08 07:57:07.027027028,Furniture,North,Corporate,3,0.18,640.9118696928695,79.07944249525633
2024-10-08 16:43:14.594594592,Electronics,South,Corporate,6,0.25,2215.1843346498536,183.11224470828574
2024-10-09 01:29:22.162162160,Electronics,North,Corporate,5,0.19,2042.2581533597906,126.09974141177473
2024-10-09 10:15:29.729729728,Office Supplies,West,Consumer,2,0.02,231.12781855012673,31.43679795975702
2024-10-09 19:01:37.297297296,Electronics,North,Home Office,9,0.22,3493.195457536959,226.19047788246212
2024-10-10 03:47:44.864864864,Furniture,West,Home Office,8,0.03,2300.688705663157,270.08056667192227
2024-10-10 12:33:52.432432432,Office Supplies,West,Consumer,3,0.18,294.78842999560777,56.32657538451808
2024-10-10 21:20:00.000000000,Electronics,West,Corporate,8,0.21,3191.8437082399428,615.786952922314
2024-10-11 06:06:07.567567568,Office Supplies,East,Consumer,9,0.02,916.3447359230406,78.71386893326655
2024-10-11 14:52:15.135135136,Electronics,North,Consumer,3,0.07,1376.2774399003702,197.65685498720316
2024-10-11 23:38:22.702702700,Electronics,South,Consumer,3,0.27,1139.547769507347,138.01227087644014
2024-10-12 08:24:30.270270268,Electronics,South,Corporate,2,0.18,742.1972506854516,134.59952665835462
2024-10-12 17:10:37.837837836,Furniture,North,Consumer,8,0.07,2277.2492036663607,206.57981811178522
2024-10-13 01:56:45.405405404,Furniture,East,Corporate,1,0.21,234.33871386232443,11.847078281411768
2024-10-13 10:42:52.972972972,Office Supplies,East,Consumer,8,0.18,661.1573676499125,49.1796492318371
2024-10-13 19:29:00.540540540,Electronics,West,Home Office,7,0.15,2937.1898936769007,300.8517205645046
2024-10-14 04:15:08.108108108,Electronics,North,Consumer,7,0.29,2412.438946075674,234.8706397373845
2024-10-14 13:01:15.675675676,Furniture,North,Consumer,3,0.21,715.3081659116692,120.6756620328279
2024-10-14 21:47:23.243243244,Electronics,South,Home Office,1,0.11,467.0557819836559,71.0317582158017
2024-10-15 06:33:30.810810808,Furniture,North,Corporate,4,0.24,940.1076953927505,89.24766496066182
2024-10-15 15:19:38.378378376,Electronics,East,Corporate,9,0.27,3308.7911438329834,392.62636044922994
2024-10-16 00:05:45.945945944,Office Supplies,North,Consumer,5,0.04,494.7264678021383,31.827666085253597
2024-10-16 08:51:53.513513512,Electronics,South,Home Office,1,0.06,433.0485425522816,79.99357846679278
2024-10-16 17:38:01.081081080,Electronics,West,Corporate,5,0.06,2380.6990429008015,453.0796997855815
2024-10-17 02:24:08.648648648,Furniture,South,Consumer,8,0.21,1854.5751061009869,365.29664214313317
2024-10-17 11:10:16.216216216,Electronics,South,Home Office,8,0.18,3324.282569442606,599.3113838753393
2024-10-17 19:56:23.783783784,Electronics,West,Corporate,5,0.19,2021.6407252477534,153.83499853742873
2024-10-18 04:42:31.351351352,Furniture,South,Corporate,9,0.28,1941.9716312053806,110.5554205361219
2024-10-18 13:28:38.918918916,Office Supplies,South,Home Office,1,0.23,111.63706473220407,15.287524843121552
2024-10-18 22:14:46.486486484,Office Supplies,North,Home Office,4,0.04,424.05874502136555,79.2526586111045
2024-10-19 07:00:54.054054052,Furniture,North,Home Office,3,0.1,840.8255471580055,64.40951071391586
2024-10-19 15:47:01.621621620,Furniture,West,Home Office,2,0.13,489.18168601777325,24.975874028436206
2024-10-20 00:33:09.189189188,Furniture,North,Consumer,8,0.12,2142.5067820175423,365.9924503277369
2024-10-20 09:19:16.756756756,Furniture,North,Home Office,7,0.2,1647.408415601182,101.34749926643167
2024-10-20 18:05:24.324324324,Furniture,South,Corporate,9,0.27,2002.5160560691063,224.39374851232643
2024-10-21 02:51:31.891891892,Office Supplies,East,Corporate,2,0.09,124.99347215750942,18.97814642972429
2024-10-21 11:37:39.459459460,Office Supplies,North,Consumer,4,0.17,328.2527975224654,28.072060357006702
2024-10-21 20:23:47.027027028,Furniture,East,Corporate,6,0.24,1335.1643544197732,83.57379099395538
2024-10-22 05:09:54.594594592,Electronics,North,Corporate,3,0.12,1354.797426097921,224.22328805780347
2024-10-22 13:56:02.162162160,Furniture,North,Home Office,8,0.05,2324.6066709635606,335.96671447869477
2024-10-22 22:42:09.729729728,Electronics,West,Corporate,3,0.14,1297.9598605516774,257.3511387377569
2024-10-23 07:28:17.297297296,Furniture,West,Consumer,2,0.02,594.6443657575154,60.44334310269048
2024-10-23 16:14:24.864864864,Furniture,West,Home Office,3,0.28,676.1670848992454,40.072608149102095
2024-10-24 01:00:32.432432432,Office Supplies,East,Home Office,6,0.02,632.8445951979647,101.35164738670471
2024-10-24 09:46:40.000000000,Electronics,South,Consumer,2,0.13,871.4924469864865,111.77763242998043
2024-10-24 18:32:47.567567568,Electronics,North,Home Office,8,0.16,3340.012987002081,273.81623430804586
2024-10-25 03:18:55.135135136,Office Supplies,North,Home Office,1,0.3,95.89069945761952,16.0386159041756
2024-10-25 12:05:02.702702700,Office Supplies,North,Consumer,7,0.05,590.6509051562532,47.58479957998588
2024-10-25 20:51:10.270270268,Office Supplies,East,Home Office,2,0.03,230.38606158235302,20.5272248884925
2024-10-26 05:37:17.837837836,Office Supplies,West,Consumer,6,0.0,571.5925220223315,36.51292056354959
2024-10-26 14:23:25.405405404,Electronics,South,Consumer,2,0.05,940.3908853491021,103.36291544468033
2024-10-26 23:09:32.972972972,Electronics,East,Corporate,2,0.06,976.6420529247324,110.2036872406975
2024-10-27 07:55:40.540540540,Furniture,West,Corporate,8,0.19,1927.3796193444125,245.1323671088231
2024-10-27 16:41:48.108108108,Furniture,East,Home Office,2,0.07,583.8963551429921,91.28906548217905
2024-10-28 01:27:55.675675676,Office Supplies,South,Home Office,7,0.01,738.5563501629766,137.30880672297366
2024-10-28 10:14:03.243243244,Office Supplies,West,Consumer,3,0.25,229.40132360190023,16.209523868591763
2024-10-28 19:00:10.810810808,Office Supplies,East,Home Office,8,0.11,724.4579262329885,42.128832905305615
2024-10-29 03:46:18.378378376,Furniture,South,Consumer,7,0.11,1864.2225650422513,98.39307982580634
2024-10-29 12:32:25.945945944,Furniture,North,Consumer,8,0.09,2188.6239198825488,156.58117351131335
2024-10-29 21:18:33.513513512,Furniture,South,Home Office,7,0.29,1446.3438088019986,215.06036522980696
2024-10-30 06:04:41.081081080,Furniture,North,Consumer,6,0.05,1698.250476537677,270.228267983552
2024-10-30 14:50:48.648648648,Furniture,East,Corporate,7,0.27,1481.4717757206993,248.85149119128243
2024-10-30 23:36:56.216216216,Furniture,West,Home Office,5,0.23,1119.049311018904,96.86069154412579
2024-10-31 08:23:03.783783784,Furniture,West,Corporate,7,0.02,1977.8820391731135,189.64768051258176
2024-10-31 17:09:11.351351352,Office Supplies,East,Home Office,1,0.3,80.55712614019546,9.865847094837559
2024-11-01 01:55:18.918918916,Office Supplies,West,Consumer,1,0.08,159.66408661509655,9.496415048210014
2024-11-01 10:41:26.486486484,Office Supplies,West,Home Office,9,0.03,854.7557705943772,121.09430007191641
2024-11-01 19:27:34.054054052,Office Supplies,North,Corporate,5,0.25,413.6053436228952,81.7119771767461
2024-11-02 04:13:41.621621620,Furniture,East,Consumer,5,0.21,1230.0277126406766,128.07164991562448
2024-11-02 12:59:49.189189188,Electronics,South,Home Office,3,0.19,1167.0345106260693,190.14157323170528
2024-11-02 21:45:56.756756756,Furniture,North,Home Office,5,0.05,1385.6482432923672,173.21307966896302
2024-11-03 06:32:04.324324324,Electronics,East,Home Office,3,0.14,1329.6319235340884,91.9730024468047
2024-11-03 15:18:11.891891892,Office Supplies,North,Corporate,9,0.23,689.306345480326,94.66631247940118
2024-11-04 00:04:19.459459460,Furniture,South,Corporate,9,0.09,2405.3684453539763,228.46463770104307
2024-11-04 08:50:27.027027028,Office Supplies,South,Home Office,6,0.09,520.5256165228557,28.712443519732883
2024-11-04 17:36:34.594594592,Furniture,East,Consumer,1,0.0,316.78640979248263,46.00988694080064
2024-11-05 02:22:42.162162160,Office Supplies,South,Consumer,7,0.05,633.2425330358067,113.24900114070836
2024-11-05 11:08:49.729729728,Electronics,North,Corporate,7,0.26,2479.0185253826244,252.15452213962683
2024-11-05 19:54:57.297297296,Electronics,South,Consumer,4,0.13,1727.1194729116864,187.4690296128691
2024-11-06 04:41:04.864864864,Electronics,North,Corporate,8,0.3,2790.360272245792,512.4587394914835
2024-11-06 13:27:12.432432432,Furniture,North,Home Office,6,0.12,1584.3690573657732,272.57694717318714
2024-11-06 22:13:20.000000000,Electronics,South,Corporate,4,0.21,1630.3553349315812,256.36183926188465
2024-11-07 06:59:27.567567568,Furniture,East,Corporate,4,0.08,1106.1409119159619,96.58773724308621
2024-11-07 15:45:35.135135136,Electronics,West,Home Office,2,0.11,899.7174941770282,167.82655190356934
2024-11-08 00:31:42.702702700,Electronics,South,Consumer,2,0.06,982.2214789459767,71.86164500870821
2024-11-08 09:17:50.270270268,Furniture,North,Corporate,4,0.1,1080.4137606334305,155.59641212233092
2024-11-08 18:03:57.837837836,Furniture,North,Corporate,5,0.16,1345.460829811604,73.08567053223115
2024-11-09 02:50:05.405405404,Electronics,South,Home Office,8,0.3,2749.45166824084,402.95405771901096
2024-11-09 11:36:12.972972972,Furniture,East,Consumer,6,0.2,1402.6340914756863,128.44152200341054
2024-11-09 20:22:20.540540540,Electronics,East,Corporate,4,0.06,1904.5583363308326,223.6933221492372
2024-11-10 05:08:28.108108108,Furniture,North,Home Office,7,0.01,2129.1725413175454,216.72779762540426
2024-11-10 13:54:35.675675676,Office Supplies,North,Corporate,8,0.04,759.9682001252551,57.691856171849196
2024-11-10 22:40:43.243243244,Office Supplies,East,Home Office,2,0.17,125.57515316842377,17.99455760599951
2024-11-11 07:26:50.810810808,Office Supplies,West,Consumer,7,0.23,609.4395834090141,111.09860140572457
2024-11-11 16:12:58.378378376,Office Supplies,South,Consumer,2,0.28,112.30524420782758,21.771790717202073
2024-11-12 00:59:05.945945944,Office Supplies,North,Consumer,2,0.0,213.56217804531914,16.839795140402863
2024-11-12 09:45:13.513513512,Electronics,North,Consumer,8,0.16,3412.5660724539116,537.8406021331128
2024-11-12 18:31:21.081081080,Office Supplies,East,Corporate,2,0.14,154.33579106315915,23.096490805080872
2024-11-13 03:17:28.648648648,Office Supplies,South,Corporate,9,0.2,695.1148865097314,70.55879631000029
2024-11-13 12:03:36.216216216,Office Supplies,East,Consumer,1,0.17,60.85249031881344,3.2169595925061256
2024-11-13 20:49:43.783783784,Office Supplies,South,Consumer,9,0.21,747.0620502629906,114.65063203380187
2024-11-14 05:35:51.351351352,Furniture,South,Consumer,1,0.2,282.4059082081064,54.17229563076571
2024-11-14 14:21:58.918918916,Electronics,South,Corporate,2,0.04,961.3490156704851,139.22065933189205
2024-11-14 23:08:06.486486484,Office Supplies,North,Consumer,6,0.24,531.3232901227893,61.25833886342232
2024-11-15 07:54:14.054054052,Office Supplies,West,Consumer,6,0.04,577.2786623708051,74.3379537482773
2024-11-15 16:40:21.621621620,Office Supplies,East,Consumer,1,0.21,130.69332856672662,10.448189430968554
2024-11-16 01:26:29.189189188,Electronics,West,Home Office,7,0.12,3062.7199358299627,497.9419827489081
2024-11-16 10:12:36.756756756,Furniture,East,Consumer,8,0.15,2133.3502613482224,345.5237539814622
2024-11-16 18:58:44.324324324,Electronics,South,Home Office,2,0.27,792.8052566231885,56.94529493267433
2024-11-17 03:44:51.891891892,Furniture,North,Home Office,8,0.27,1746.8810145788593,317.4026158688396
2024-11-17 12:30:59.459459460,Office Supplies,West,Consumer,9,0.25,732.3816083486801,66.19152256939724
2024-11-17 21:17:07.027027028,Office Supplies,North,Home Office,6,0.15,565.3592196468807,111.56708899802558
2024-11-18 06:03:14.594594592,Electronics,East,Consumer,5,0.22,2012.1216430517059,216.17319841269634
2024-11-18 14:49:22.162162160,Electronics,North,Corporate,9,0.15,3725.7205465711877,285.6979712087496
2024-11-18 23:35:29.729729728,Furniture,North,Corporate,9,0.26,2026.7740579716335,208.26728249992107
2024-11-19 08:21:37.297297296,Furniture,West,Corporate,1,0.12,285.69195077222963,33.14799405817084
2024-11-19 17:07:44.864864864,Electronics,South,Corporate,3,0.29,1083.8429312377382,65.45995754499472
2024-11-20 01:53:52.432432432,Furniture,North,Home Office,9,0.28,1952.733857335916,267.0026843590983
2024-11-20 10:40:00.000000000,Electronics,South,Consumer,2,0.22,789.912451180581,110.30721838131021
2024-11-20 19:26:07.567567568,Furniture,East,Consumer,4,0.08,1155.3256122119233,185.82207271689583
2024-11-21 04:12:15.135135136,Electronics,North,Consumer,4,0.04,1941.578934947735,105.57429400834698
2024-11-21 12:58:22.702702700,Electronics,West,Corporate,2,0.26,748.6762577492946,98.21564302744926
2024-11-21 21:44:30.270270268,Electronics,East,Corporate,3,0.05,1470.5752405934247,85.19941624134943
2024-11-22 06:30:37.837837836,Furniture,East,Consumer,3,0.26,682.7210471364748,105.93893976422181
2024-11-22 15:16:45.405405404,Furniture,West,Corporate,1,0.15,275.5427370941352,16.080453111625573
2024-11-23 00:02:52.972972972,Furniture,North,Consumer,6,0.12,1658.6814843524492,309.7739893395371
2024-11-23 08:49:00.540540540,Electronics,North,Consumer,8,0.27,2902.620771498014,450.81295486673827
2024-11-23 17:35:08.108108108,Furniture,East,Consumer,3,0.18,677.3715864639503,85.42229084289312
2024-11-24 02:21:15.675675676,Furniture,North,Consumer,5,0.17,1247.8945404396318,145.03727733877002
2024-11-24 11:07:23.243243244,Electronics,South,Consumer,1,0.17,423.58173379827855,29.481667592478633
2024-11-24 19:53:30.810810808,Office Supplies,West,Consumer,7,0.11,651.8611611782876,61.04673805648351
2024-11-25 04:39:38.378378376,Electronics,South,Consumer,1,0.24,384.29263658647847,69.30481966246995
2024-11-25 13:25:45.945945944,Furniture,North,Corporate,9,0.08,2514.2047697589023,466.807174415786
2024-11-25 22:11:53.513513512,Electronics,East,Consumer,8,0.28,2980.1846672108627,149.34347971375342
2024-11-26 06:58:01.081081080,Office Supplies,West,Consumer,7,0.27,543.0605727550803,75.55083599531936
2024-11-26 15:44:08.648648648,Electronics,North,Corporate,7,0.1,3189.0926120420586,503.54206931400444
2024-11-27 00:30:16.216216216,Furniture,North,Corporate,5,0.22,1164.8187436911026,166.35014959989456
2024-11-27 09:16:23.783783784,Office Supplies,East,Corporate,5,0.17,359.5897164197079,22.385166343813495
2024-11-27 18:02:31.351351352,Furniture,East,Consumer,5,0.1,1258.0755365148102,103.99093215609979
2024-11-28 02:48:38.918918916,Office Supplies,South,Home Office,1,0.3,49.252776714571276,4.312131829528785
2024-11-28 11:34:46.486486484,Office Supplies,West,Home Office,8,0.01,688.7851337613952,120.37119090198826
2024-11-28 20:20:54.054054052,Electronics,West,Corporate,1,0.08,480.541961000771,57.41511286878961
2024-11-29 05:07:01.621621620,Electronics,East,Home Office,4,0.16,1664.687320623006,204.79687879217227
2024-11-29 13:53:09.189189188,Furniture,South,Corporate,9,0.16,2215.4650053409905,421.45667452377046
2024-11-29 22:39:16.756756756,Electronics,West,Consumer,9,0.18,3695.2349647979454,537.8890560511957
2024-11-30 07:25:24.324324324,Electronics,East,Home Office,5,0.23,1895.454712254328,350.28032506153085
2024-11-30 16:11:31.891891892,Office Supplies,North,Consumer,4,0.19,342.03105014603074,40.522582986315584
2024-12-01 00:57:39.459459460,Electronics,West,Home Office,3,0.18,1258.3050531929002,91.12071254321656
2024-12-01 09:43:47.027027024,Office Supplies,South,Consumer,3,0.02,265.9266334804623,50.39052795688942
2024-12-01 18:29:54.594594592,Office Supplies,South,Home Office,5,0.11,435.50875275638697,51.740951558920926
2024-12-02 03:16:02.162162160,Office Supplies,South,Consumer,1,0.07,101.59583015352881,7.847740770838149
2024-12-02 12:02:09.729729728,Furniture,North,Consumer,5,0.08,1323.718311458303,126.22893238500889
2024-12-02 20:48:17.297297296,Furniture,West,Home Office,6,0.17,1502.5923009150806,86.5799520657269
2024-12-03 05:34:24.864864864,Furniture,West,Consumer,7,0.06,1916.7592540768242,230.48088655839268
2024-12-03 14:20:32.432432432,Office Supplies,North,Consumer,9,0.09,841.6286791821148,149.78400443378544
2024-12-03 23:06:40.000000000,Furniture,West,Consumer,3,0.07,819.593453494872,155.75313718281961
2024-12-04 07:52:47.567567568,Furniture,North,Home Office,2,0.28,374.5382906382306,71.12120002848981
2024-12-04 16:38:55.135135136,Electronics,North,Home Office,3,0.28,1056.801056034367,72.69153630146893
2024-12-05 01:25:02.702702700,Furniture,North,Consumer,9,0.18,2192.4930167522625,235.27222125190042
2024-12-05 10:11:10.270270268,Furniture,South,Consumer,7,0.28,1554.7408353354779,84.32030257074744
2024-12-05 18:57:17.837837836,Office Supplies,West,Home Office,9,0.24,690.9321879714317,123.17579883034416
2024-12-06 03:43:25.405405404,Office Supplies,North,Home Office,2,0.18,125.7489016973947,13.0544165426378
2024-12-06 12:29:32.972972972,Office Supplies,West,Consumer,5,0.0,565.9626514880194,81.87643255017011
2024-12-06 21:15:40.540540540,Office Supplies,South,Consumer,4,0.23,333.05961606042234,52.368550699253724
2024-12-07 06:01:48.108108108,Office Supplies,North,Consumer,2,0.21,144.54710525681352,16.547275671057296
2024-12-07 14:47:55.675675676,Office Supplies,East,Corporate,9,0.18,675.8466325721992,64.8585348138657
2024-12-07 23:34:03.243243244,Furniture,South,Home Office,9,0.23,2062.0162568207925,400.71561231832794
2024-12-08 08:20:10.810810808,Office Supplies,East,Corporate,6,0.15,501.17947661369317,97.56622940331344
2024-12-08 17:06:18.378378376,Office Supplies,West,Home Office,6,0.21,488.76129325801026,45.65785869603876
2024-12-09 01:52:25.945945944,Electronics,West,Home Office,8,0.28,2904.2902603863863,354.1600875860905
2024-12-09 10:38:33.513513512,Furniture,South,Home Office,6,0.11,1634.2632838164295,320.1956875968255
2024-12-09 19:24:41.081081080,Furniture,West,Home Office,1,0.21,172.5413027664581,8.753065348214715
2024-12-10 04:10:48.648648648,Furniture,East,Home Office,4,0.14,1040.3401928465296,116.41587491767632
2024-12-10 12:56:56.216216216,Office Supplies,North,Home Office,7,0.2,553.6153669900715,36.022994834536476
2024-12-10 21:43:03.783783784,Office Supplies,North,Home Office,2,0.23,261.1190910467951,32.998584327381096
2024-12-11 06:29:11.351351352,Office Supplies,North,Corporate,9,0.01,893.5877775638548,47.98610435575803
2024-12-11 15:15:18.918918916,Electronics,South,Consumer,8,0.19,3215.093872061545,356.98719160039667
2024-12-12 00:01:26.486486484,Office Supplies,West,Consumer,8,0.07,748.4147542686766,62.196904286852465
2024-12-12 08:47:34.054054052,Electronics,East,Corporate,7,0.2,2799.657268479569,363.944958418761
2024-12-12 17:33:41.621621620,Furniture,West,Corporate,4,0.14,952.4384277139594,189.91531516008192
2024-12-13 02:19:49.189189188,Office Supplies,West,Corporate,2,0.23,170.33217853671349,28.970167744365842
2024-12-13 11:05:56.756756756,Electronics,West,Corporate,3,0.04,1427.5776763728568,252.46184964928395
2024-12-13 19:52:04.324324324,Electronics,North,Home Office,6,0.19,2428.932351393579,352.8989694952947
2024-12-14 04:38:11.891891892,Office Supplies,East,Consumer,5,0.08,425.05725864437767,23.90266020866126
2024-12-14 13:24:19.459459460,Furniture,East,Home Office,8,0.26,1732.2434307915105,140.34575891413846
2024-12-14 22:10:27.027027024,Furniture,West,Consumer,6,0.28,1331.1552933630257,251.26845182070386
2024-12-15 06:56:34.594594592,Furniture,North,Consumer,6,0.3,1304.338266257713,136.8472157368946
2024-12-15 15:42:42.162162160,Electronics,North,Corporate,1,0.24,396.7239442174894,26.003472845162026
2024-12-16 00:28:49.729729728,Electronics,East,Home Office,4,0.23,1467.5680959776146,228.00256060718903
2024-12-16 09:14:57.297297296,Electronics,North,Corporate,5,0.06,2369.322534370453,224.89291672983003
2024-12-16 18:01:04.864864864,Electronics,North,Home Office,3,0.1,1278.1625379465327,115.45455201863653
2024-12-17 02:47:12.432432432,Furniture,North,Consumer,9,0.14,2295.5529746068696,458.4141662349475
2024-12-17 11:33:20.000000000,Office Supplies,South,Corporate,1,0.23,111.62233795028968,19.949237862158014
2024-12-17 20:19:27.567567568,Electronics,West,Corporate,6,0.27,2216.30393926818,246.432326037176
2024-12-18 05:05:35.135135136,Electronics,East,Consumer,6,0.06,2838.2786945813386,559.2521099195878
2024-12-18 13:51:42.702702700,Furniture,East,Consumer,5,0.28,1132.5161061567912,167.06535976000475
2024-12-18 22:37:50.270270268,Office Supplies,South,Consumer,5,0.21,417.4006058963171,67.32812344530826
2024-12-19 07:23:57.837837836,Office Supplies,West,Corporate,5,0.18,329.23923099836475,18.018261060539093
2024-12-19 16:10:05.405405404,Furniture,East,Home Office,6,0.06,1677.2187661497455,114.4547317636475
2024-12-20 00:56:12.972972972,Furniture,North,Corporate,8,0.02,2350.3356616907577,340.71116553805496
2024-12-20 09:42:20.540540540,Office Supplies,East,Home Office,2,0.17,159.6503309292251,29.511937997956267
2024-12-20 18:28:28.108108108,Electronics,North,Corporate,6,0.2,2375.3145929959046,341.00386587962123
2024-12-21 03:14:35.675675676,Office Supplies,South,Corporate,1,0.06,52.79375466145621,3.7010393414534786
2024-12-21 12:00:43.243243244,Furniture,North,Consumer,4,0.17,1092.0297987783727,73.56350294026099
2024-12-21 20:46:50.810810808,Electronics,East,Home Office,3,0.26,1094.4502069917687,193.31042461321815
2024-12-22 05:32:58.378378376,Electronics,East,Corporate,9,0.25,3469.064082134978,245.94051507210293
2024-12-22 14:19:05.945945944,Furniture,East,Corporate,3,0.28,602.3483838097578,77.12155128285511
2024-12-22 23:05:13.513513512,Furniture,South,Consumer,6,0.11,1628.2824027503602,90.47876500785708
2024-12-23 07:51:21.081081080,Furniture,South,Consumer,1,0.1,279.18565665559476,17.33755912998373
2024-12-23 16:37:28.648648648,Office Supplies,West,Home Office,6,0.22,431.12201891739755,65.03572233014087
2024-12-24 01:23:36.216216216,Office Supplies,East,Corporate,4,0.13,329.2977156071727,50.50676539426522
2024-12-24 10:09:43.783783784,Electronics,North,Home Office,8,0.03,3879.394797225561,392.6739357725517
2024-12-24 18:55:51.351351352,Furniture,South,Corporate,9,0.08,2450.235335313355,201.75596658123658
2024-12-25 03:41:58.918918916,Electronics,East,Home Office,4,0.13,1729.7543762385828,297.6155540868395
2024-12-25 12:28:06.486486484,Electronics,East,Consumer,6,0.09,2635.4039029843752,217.593399893538
2024-12-25 21:14:14.054054052,Electronics,South,Corporate,1,0.1,478.4606396107496,62.82382474637493
2024-12-26 06:00:21.621621620,Electronics,West,Home Office,4,0.09,1869.0860669649117,364.9041515036112
2024-12-26 14:46:29.189189188,Furniture,South,Consumer,7,0.01,2097.1745482999463,151.36958285336092
2024-12-26 23:32:36.756756756,Electronics,South,Consumer,1,0.19,495.5703251175112,94.71906992253106
2024-12-27 08:18:44.324324324,Furniture,North,Home Office,8,0.18,1995.2838491039959,154.502725690385
2024-12-27 17:04:51.891891892,Furniture,North,Corporate,6,0.2,1485.7123855511024,200.7442296160996
2024-12-28 01:50:59.459459460,Office Supplies,West,Corporate,5,0.06,519.5345133004045,55.35700338646805
2024-12-28 10:37:07.027027024,Furniture,East,Consumer,9,0.09,2346.9594657365747,457.04522054502866
2024-12-28 19:23:14.594594592,Office Supplies,South,Corporate,2,0.19,178.94692794998252,16.289772260764373
2024-12-29 04:09:22.162162160,Furniture,West,Corporate,5,0.18,1174.6826019873288,129.154825368639
2024-12-29 12:55:29.729729728,Furniture,North,Corporate,6,0.15,1482.7638619371678,292.7406127111569
2024-12-29 21:41:37.297297296,Furniture,South,Consumer,7,0.11,1828.7210691279233,238.5942595558452
2024-12-30 06:27:44.864864864,Office Supplies,East,Home Office,5,0.27,352.49136799930494,44.20048495791291
2024-12-30 15:13:52.432432432,Office Supplies,North,Corporate,9,0.1,836.0183984295079,74.1270537501575
2024-12-31 00:00:00.000000000,Electronics,North,Consumer,1,0.14,447.35959300026815,69.43223718286814
